0.1,0.068205,0.047572,0.055389,0.056972,0.02172
0.2,0.062581,0.043569,0.052208,0.05869,0.032386
0.3,0.070374,0.047297,0.071612,0.052805,0.016322
0.4,0.07831,0.049771,0.053026,0.052421,0.008255
0.5,0.076442,0.039385,0.062063,0.054973,0.026892
0.6,0.08582,0.045247,0.054409,0.050714,0.027223
0.7,0.092994,0.045932,0.050704,0.058536,0.0104
0.8,0.095333,0.027645,0.052219,0.060379,0.030136
0.9,0.064572,0.039502,0.047597,0.054696,0.020611
1,0.066884,0.05917,0.058496,0.059172,0.029054
1.1,0.05806,0.049958,0.06329,0.062727,0.012431
1.2,0.055687,0.049185,0.056947,0.057971,0.025237
1.3,0.051633,0.057831,0.069955,0.044661,0.020777
1.4,0.055774,0.058757,0.068255,0.051356,0.025046
1.5,0.046556,0.049184,0.061098,0.052606,0.026967
1.6,0.057192,0.061222,0.066226,0.055652,0.021857
1.7,0.051734,0.042608,0.067103,0.054203,0.018106
1.8,0.060257,0.04324,0.067243,0.048875,0.020594
1.9,0.059714,0.045843,0.062225,0.055587,0.012391
2,0.058536,0.036996,0.054442,0.052728,0.0069233
2.1,0.067604,0.043638,0.052105,0.050936,0.009126
2.2,0.06974,0.056636,0.059426,0.052716,0.0064268
2.3,0.063996,0.041907,0.054949,0.043885,0.0041805
2.4,0.064374,0.024333,0.056841,0.055695,0.0042395
2.5,0.060908,0.043969,0.060243,0.044317,0.0051794
2.6,0.059565,0.041476,0.056772,0.051192,0.0010948
2.7,0.052662,0.044249,0.093799,0.049133,-0.0032956
2.8,0.053639,0.026474,0.05468,0.051302,-0.0063301
2.9,0.053525,0.028321,0.050479,0.05766,0.00535
3,0.060429,0.018052,0.051685,0.049547,0.00087995
3.1,0.055815,0.015391,0.056808,0.049697,0.0020177
3.2,0.057897,0.021907,0.049284,0.051594,0.012965
3.3,0.056918,0.016782,0.047505,0.053286,0.010783
3.4,0.061163,0.012058,0.054545,0.05024,0.014153
3.5,0.090358,0.029377,0.051954,0.05432,0.0045548
3.6,0.08072,0.020628,0.045437,0.053589,0.00087679
3.7,0.068677,0.025437,0.048006,0.050512,0.0057301
3.8,0.061948,0.019974,0.039848,0.045626,0.0061835
3.9,0.066032,0.032742,0.056252,0.052883,-0.0033814
4,0.064352,0.036173,0.048602,0.04867,0.0088999
4.1,0.048037,0.035709,0.066368,0.04688,-0.0026122
4.2,0.046292,0.036961,0.0634,0.049344,0.011213
4.3,0.052982,0.047774,0.054605,0.045655,0.015739
4.4,0.047326,0.040614,0.042397,0.049362,0.0066442
4.5,0.087106,0.052287,0.043063,0.052152,0.0094653
4.6,0.078431,0.052275,0.055763,0.05299,0.0051897
4.7,0.033249,0.036648,0.063756,0.054652,0.010492
4.8,0.027282,0.027924,0.064275,0.050412,0.011956
4.9,0.055353,0.044805,0.06479,0.047737,0.015271
5,0.057898,0.047929,0.063322,0.042845,0.018098
5.1,0.045466,0.044648,0.067167,0.057114,0.022265
5.2,0.09568,0.039782,0.057619,0.050969,0.018948
5.3,0.097255,0.053173,0.069939,0.054101,0.027146
5.4,0.066911,0.054596,0.078612,0.055506,0.014675
5.5,0.05265,0.051572,0.059693,0.058332,0.021063
5.6,0.070735,0.054931,0.056512,0.050692,0.02092
5.7,0.08646,0.065417,0.060859,0.055423,0.015753
5.8,0.079687,0.06196,0.046432,0.049366,0.0082501
5.9,0.041837,0.052356,0.049295,0.050462,0.010649
6,0.058268,0.051143,0.043145,0.053337,0.010611
6.1,0.048597,0.062503,0.054019,0.047968,0.002995
6.2,0.090249,0.056835,0.052528,0.055873,0.0061931
6.3,0.08727,0.059606,0.05663,0.058377,0.0016395
6.4,0.08645,0.069351,0.046969,0.058319,0.0099752
6.5,0.055201,0.061212,0.051707,0.058933,0.0037518
6.6,0.065153,0.060804,0.062879,0.067972,0.0012331
6.7,0.056249,0.064701,0.062606,0.071751,0.0040028
6.8,0.060516,0.056627,0.041883,0.081123,0.0015259
6.9,0.060673,0.062982,0.066382,0.076208,0.0054332
7,0.088694,0.071426,0.057579,0.082933,0.0045159
7.1,0.087922,0.047122,0.053905,0.079925,0.012148
7.2,0.056054,0.070396,0.049254,0.084454,-0.009515
7.3,0.083221,0.051747,0.053719,0.088402,0.0045682
7.4,0.098777,0.055884,0.050265,0.09031,0.0087562
7.5,0.10333,0.0448,0.049656,0.090814,0.011246
7.6,0.071034,0.052434,0.046571,0.085374,0.0098113
7.7,0.068082,0.049656,0.055715,0.090008,0.021526
7.8,0.04736,0.052005,0.05414,0.079274,0.027834
7.9,0.052557,0.056496,0.060178,0.07433,0.028043
8,0.034648,0.057297,0.041552,0.086577,0.025321
8.1,0.092182,0.051022,0.053905,0.076628,0.035959
8.2,0.063078,0.039379,0.05475,0.069374,0.031215
8.3,0.07681,0.036948,0.058657,0.076076,0.03169
8.4,0.069458,0.043209,0.057155,0.07335,0.030026
8.5,0.089121,0.054626,0.072537,0.056085,0.039321
8.6,0.090744,0.052375,0.069499,0.076431,0.057171
8.7,0.077841,0.054662,0.074237,0.064657,0.068235
8.8,0.068734,0.056111,0.076653,0.053743,0.071413
8.9,0.065252,0.060899,0.069862,0.05859,0.075968
9,0.059958,0.056502,0.057904,0.058325,0.07287
9.1,0.055306,0.067907,0.064405,0.056022,0.072294
9.2,0.057522,0.061954,0.060915,0.054181,0.06988
9.3,0.057639,0.057724,0.054198,0.054777,0.073787
9.4,0.065015,0.050784,0.04866,0.053516,0.068014
9.5,0.026498,0.048788,0.062042,0.056123,0.05987
9.6,0.070242,0.065789,0.054113,0.086859,0.068208
9.7,0.083954,0.064132,0.05786,0.091052,0.074078
9.8,0.088866,0.057477,0.055792,0.080802,0.064807
9.9,0.09327,0.052309,0.051922,0.092084,0.048482
10,0.10687,0.061926,0.055184,0.098741,0.048831
10.1,0.11878,0.059003,0.045816,0.086887,0.057195
10.2,0.13054,0.059382,0.055639,0.094445,0.060319
10.3,0.12839,0.059058,0.040309,0.088008,0.053167
10.4,0.14822,0.06576,0.043891,0.073274,0.02966
10.5,0.14608,0.074492,0.053252,0.08328,0.036009
10.6,0.12065,0.054,0.037859,0.079684,0.032514
10.7,0.12306,0.059799,0.042027,0.064786,0.031178
10.8,0.13505,0.067729,0.037747,0.07183,0.041442
10.9,0.1356,0.072211,0.029876,0.069204,0.035531
11,0.12469,0.069995,0.026948,0.061594,0.036069
11.1,0.11491,0.066881,0.027679,0.067994,0.03839
11.2,0.11898,0.064155,0.027241,0.061134,0.035865
11.3,0.11852,0.065221,0.028546,0.05661,0.037798
11.4,0.12078,0.059538,0.031462,0.063171,0.044725
11.5,0.1288,0.05421,0.032754,0.055932,0.044401
11.6,0.11973,0.066783,0.033197,0.048139,0.054105
11.7,0.12261,0.065002,0.031218,0.061015,0.069505
11.8,0.12648,0.072857,0.033422,0.061659,0.059944
11.9,0.13209,0.072547,0.031008,0.054337,0.069632
12,0.10502,0.07764,0.033513,0.052135,0.061245
12.1,0.10822,0.08656,0.029714,0.060159,0.066269
12.2,0.10541,0.083549,0.031466,0.059891,0.054898
12.3,0.1014,0.10113,0.021082,0.051799,0.056298
12.4,0.084089,0.096917,0.026515,0.059009,0.06742
12.5,0.08791,0.10006,0.030442,0.05177,0.076453
12.6,0.089786,0.10772,0.031671,0.043128,0.062269
12.7,0.095576,0.099013,0.031615,0.059922,0.072419
12.8,0.088123,0.10436,0.038039,0.056767,0.060248
12.9,0.091697,0.094373,0.036003,0.051805,0.079618
13,0.082747,0.095646,0.039381,0.059615,0.071918
13.1,0.085809,0.091786,0.039976,0.056081,0.07033
13.2,0.072516,0.098128,0.039883,0.045681,0.076295
13.3,0.071767,0.09654,0.047189,0.061255,0.07182
13.4,0.068363,0.10783,0.038404,0.049601,0.069257
13.5,0.087827,0.097701,0.037686,0.048067,0.063935
13.6,0.08111,0.11275,0.045158,0.06027,0.058474
13.7,0.085327,0.094366,0.052216,0.056679,0.056155
13.8,0.079727,0.10567,0.038598,0.046883,0.05376
13.9,0.092722,0.099665,0.045385,0.058898,0.059573
14,0.081064,0.11606,0.064518,0.052827,0.056391
14.1,0.083216,0.11233,0.061865,0.046705,0.048581
14.2,0.080608,0.097712,0.058385,0.060045,0.04464
14.3,0.082605,0.08702,0.068377,0.058048,0.052399
14.4,0.081081,0.11008,0.063838,0.051074,0.036124
14.5,0.090881,0.10789,0.06792,0.067247,0.042555
14.6,0.083491,0.10227,0.071267,0.049509,0.051336
14.7,0.088244,0.10587,0.071736,0.06071,0.034835
14.8,0.087879,0.10895,0.075257,0.061702,0.036285
14.9,0.105,0.084009,0.066063,0.061411,0.027943
15,0.10574,0.0989,0.078049,0.057772,0.022771
15.1,0.1023,0.099234,0.076231,0.072531,0.021271
15.2,0.10107,0.088852,0.068747,0.063215,0.01884
15.3,0.10363,0.1023,0.068525,0.065151,0.015169
15.4,0.11362,0.096898,0.078654,0.072317,0.019632
15.5,0.11886,0.094383,0.081441,0.069972,0.019322
15.6,0.12366,0.076161,0.081174,0.058572,0.016027
15.7,0.12728,0.094161,0.072818,0.083831,0.027321
15.8,0.1308,0.091203,0.07865,0.097511,0.020794
15.9,0.11803,0.097077,0.063628,0.1035,0.042518
16,0.12102,0.099688,0.069815,0.11227,0.049072
16.1,0.12005,0.090531,0.07477,0.10282,0.040321
16.2,0.13327,0.10104,0.087819,0.11281,0.049514
16.3,0.13009,0.098074,0.095829,0.10678,0.044419
16.4,0.13097,0.089223,0.10498,0.10718,0.058077
16.5,0.13265,0.074578,0.10216,0.10825,0.051292
16.6,0.12284,0.043158,0.098213,0.099074,0.050317
16.7,0.10957,0.037678,0.10278,0.096348,0.045567
16.8,0.11974,0.043606,0.11838,0.094677,0.042697
16.9,0.11438,0.051025,0.12014,0.085096,0.040352
17,0.11821,0.057301,0.11746,0.093619,0.030489
17.1,0.11041,0.048186,0.11736,0.083026,0.02267
17.2,0.11167,0.045767,0.11359,0.083977,0.02644
17.3,0.10072,0.054225,0.12921,0.080781,0.018727
17.4,0.098909,0.043845,0.12357,0.076604,0.022586
17.5,0.089711,0.05092,0.11836,0.071628,0.026765
17.6,0.088253,0.022063,0.12245,0.072179,0.017
17.7,0.08716,0.063279,0.12282,0.065434,0.011131
17.8,0.087516,0.029234,0.12426,0.075221,0.019286
17.9,0.090921,0.026322,0.11092,0.067344,0.0084979
18,0.098066,0.040861,0.11218,0.079028,0.0060729
18.1,0.10233,0.040949,0.10623,0.074143,0.00542
18.2,0.093854,0.026944,0.11597,0.074806,0.01484
18.3,0.095912,0.021186,0.12598,0.077457,0.0068726
18.4,0.092526,0.021946,0.12737,0.074497,0.0094416
18.5,0.084818,0.02121,0.12328,0.064436,0.0091766
18.6,0.083821,0.013988,0.13522,0.075314,0.010271
18.7,0.082819,0.026505,0.13235,0.072226,0.011539
18.8,0.10022,0.034418,0.13371,0.062917,0.024845
18.9,0.10604,0.036848,0.12168,0.068999,0.019631
19,0.12484,0.035528,0.12223,0.072492,0.026895
19.1,0.1196,0.037215,0.12008,0.057281,0.026421
19.2,0.10769,0.043607,0.12148,0.070074,0.020823
19.3,0.10189,0.034193,0.12256,0.066295,0.019393
19.4,0.093005,0.024268,0.12176,0.063778,0.024211
19.5,0.10216,0.041047,0.12868,0.070642,0.025296
19.6,0.10296,0.033044,0.12588,0.066244,0.031946
19.7,0.10232,0.034086,0.12915,0.072878,0.03321
19.8,0.099045,0.045142,0.13433,0.073211,0.027897
19.9,0.094906,0.036545,0.13165,0.063672,0.048941
20,0.10636,0.045008,0.12977,0.066624,0.037401
20.1,0.10269,0.035828,0.12146,0.065661,0.049056
20.2,0.088683,0.036382,0.13021,0.058045,0.053714
20.3,0.088595,0.039539,0.1329,0.064009,0.046476
20.4,0.093209,0.049996,0.13113,0.072303,0.048609
20.5,0.089197,0.038793,0.13305,0.058722,0.047946
20.6,0.094379,0.044005,0.13141,0.069848,0.050453
20.7,0.10088,0.041358,0.14408,0.072093,0.039977
20.8,0.099822,0.024865,0.14557,0.066033,0.044295
20.9,0.092395,0.03482,0.14203,0.087771,0.044056
21,0.10394,0.0379,0.15211,0.091881,0.03932
21.1,0.11069,0.027761,0.15633,0.096165,0.042391
21.2,0.11929,0.033695,0.16531,0.094667,0.04221
21.3,0.088745,0.040988,0.18016,0.092997,0.032473
21.4,0.078644,0.018451,0.17975,0.099564,0.033624
21.5,0.080603,0.029266,0.17584,0.099437,0.036098
21.6,0.072601,0.039758,0.17296,0.10365,0.027565
21.7,0.067514,0.040832,0.17212,0.10003,0.018743
21.8,0.071788,0.051229,0.16295,0.10607,0.025616
21.9,0.07145,0.057394,0.15718,0.10296,0.029885
22,0.070539,0.068811,0.15498,0.10273,0.020753
22.1,0.068881,0.067081,0.14803,0.09744,0.025296
22.2,0.072995,0.067129,0.14018,0.10452,0.022011
22.3,0.070938,0.06402,0.14052,0.097262,0.018254
22.4,0.068029,0.063429,0.15213,0.11076,0.014191
22.5,0.062144,0.075808,0.14973,0.11336,0.011416
22.6,0.060446,0.073064,0.15455,0.11019,0.020915
22.7,0.07337,0.080706,0.15388,0.11423,0.01749
22.8,0.073977,0.082473,0.14508,0.1108,0.010191
22.9,0.069952,0.071669,0.14919,0.10335,0.016093
23,0.073689,0.0918,0.14524,0.11043,0.012468
23.1,0.069439,0.087149,0.14155,0.1136,0.0081978
23.2,0.074581,0.10416,0.14163,0.10904,0.017616
23.3,0.0761,0.10397,0.12132,0.11136,0.012329
23.4,0.071781,0.11042,0.1241,0.11019,0.015947
23.5,0.07698,0.12291,0.11127,0.1054,0.021657
23.6,0.076082,0.12708,0.12256,0.10774,0.021256
23.7,0.084778,0.12245,0.11125,0.10745,0.016018
23.8,0.086575,0.13839,0.11162,0.10805,0.021204
23.9,0.093816,0.14573,0.1104,0.10531,0.033701
24,0.079577,0.14505,0.11005,0.10894,0.030715
24.1,0.072853,0.14726,0.097587,0.10793,0.049386
24.2,0.079763,0.15946,0.10078,0.1105,0.058063
24.3,0.08295,0.16018,0.10203,0.10729,0.058929
24.4,0.081855,0.16244,0.1006,0.10651,0.071893
24.5,0.091054,0.17171,0.10318,0.10584,0.078435
24.6,0.086899,0.1654,0.097969,0.1002,0.095886
24.7,0.096226,0.16822,0.11194,0.10377,0.07684
24.8,0.097377,0.17226,0.11653,0.095702,0.085549
24.9,0.091009,0.17518,0.12536,0.10481,0.089875
25,0.080655,0.17477,0.12812,0.091708,0.090368
25.1,0.085644,0.17473,0.13728,0.10137,0.085914
25.2,0.075223,0.18033,0.14403,0.096713,0.082787
25.3,0.077936,0.17836,0.13163,0.095724,0.092499
25.4,0.095938,0.18411,0.14101,0.088202,0.088328
25.5,0.098655,0.18376,0.13351,0.096989,0.091741
25.6,0.10075,0.19007,0.146,0.097896,0.088779
25.7,0.11141,0.20243,0.14282,0.088625,0.086911
25.8,0.10795,0.19786,0.1414,0.098714,0.092871
25.9,0.10072,0.20526,0.15249,0.091478,0.095649
26,0.099346,0.21111,0.14659,0.091486,0.099513
26.1,0.09738,0.20538,0.14076,0.10065,0.090256
26.2,0.089575,0.21949,0.15009,0.090468,0.095092
26.3,0.085937,0.22025,0.14415,0.10533,0.086444
26.4,0.083072,0.22031,0.15094,0.098037,0.093838
26.5,0.065168,0.22136,0.13432,0.10659,0.092935
26.6,0.078449,0.21284,0.14131,0.108,0.096277
26.7,0.083591,0.23134,0.13941,0.10441,0.085273
26.8,0.088846,0.22565,0.12763,0.1037,0.079637
26.9,0.081648,0.23978,0.13278,0.098201,0.10318
27,0.088687,0.2464,0.12458,0.1086,0.087388
27.1,0.091036,0.24546,0.13207,0.10169,0.098547
27.2,0.090629,0.25813,0.14037,0.10342,0.095523
27.3,0.08471,0.25445,0.14442,0.10658,0.091775
27.4,0.090143,0.26008,0.1495,0.097635,0.097417
27.5,0.089763,0.284,0.15026,0.10683,0.094136
27.6,0.072791,0.28186,0.15632,0.093835,0.093334
27.7,0.068597,0.29181,0.15456,0.1006,0.10194
27.8,0.065617,0.30333,0.15701,0.10706,0.097072
27.9,0.072122,0.29626,0.15438,0.095804,0.10326
28,0.06893,0.29773,0.15403,0.11455,0.1031
28.1,0.068823,0.31749,0.13967,0.11267,0.10369
28.2,0.06573,0.31782,0.14488,0.12732,0.096852
28.3,0.068402,0.32135,0.14505,0.12137,0.11364
28.4,0.078842,0.32502,0.13997,0.129,0.12606
28.5,0.075388,0.32438,0.14237,0.12049,0.13295
28.6,0.067518,0.33368,0.14794,0.13679,0.12377
28.7,0.067413,0.32907,0.13541,0.12095,0.13661
28.8,0.062551,0.32134,0.14392,0.12845,0.14149
28.9,0.072475,0.32826,0.14067,0.1216,0.15459
29,0.057169,0.3236,0.1403,0.12291,0.15733
29.1,0.057075,0.31668,0.13614,0.1177,0.16097
29.2,0.052241,0.32242,0.12732,0.11557,0.16742
29.3,0.07089,0.31952,0.12701,0.11036,0.1633
29.4,0.073018,0.32358,0.11764,0.10777,0.16229
29.5,0.077481,0.32224,0.13382,0.11406,0.14857
29.6,0.092722,0.32172,0.12466,0.11672,0.1564
29.7,0.084928,0.33908,0.12094,0.11334,0.14959
29.8,0.088226,0.32756,0.12531,0.11099,0.14812
29.9,0.08025,0.33589,0.1226,0.11474,0.14776
30,0.082941,0.34491,0.11728,0.11156,0.14752
30.1,0.090703,0.32892,0.12108,0.10783,0.1433
30.2,0.10724,0.34215,0.11582,0.10023,0.13644
30.3,0.1099,0.33276,0.12767,0.10181,0.13108
30.4,0.10895,0.34225,0.13578,0.087687,0.12749
30.5,0.087592,0.34355,0.13566,0.099859,0.12235
30.6,0.084103,0.35635,0.13809,0.1002,0.10716
30.7,0.088846,0.35163,0.1447,0.10578,0.10666
30.8,0.096717,0.36462,0.15434,0.096167,0.10247
30.9,0.10908,0.3592,0.15973,0.086473,0.093501
31,0.10188,0.37221,0.15962,0.10005,0.10011
31.1,0.09079,0.37695,0.17209,0.085891,0.099495
31.2,0.082115,0.36566,0.1675,0.099529,0.095933
31.3,0.079552,0.36953,0.17359,0.094356,0.087018
31.4,0.079815,0.36762,0.16943,0.093792,0.087827
31.5,0.10262,0.35685,0.17029,0.098557,0.083969
31.6,0.094677,0.37054,0.16598,0.086949,0.086348
31.7,0.10896,0.36218,0.16638,0.095219,0.085808
31.8,0.11037,0.36567,0.1599,0.092913,0.076945
31.9,0.11486,0.36225,0.16635,0.091227,0.074711
32,0.12109,0.35841,0.15699,0.09758,0.070005
32.1,0.11757,0.34559,0.14829,0.088561,0.087134
32.2,0.10519,0.3413,0.15002,0.099683,0.0748
32.3,0.1044,0.35147,0.143,0.095831,0.079689
32.4,0.096192,0.34176,0.13804,0.087516,0.077249
32.5,0.10365,0.3226,0.13866,0.10072,0.081258
32.6,0.1131,0.34432,0.12963,0.083835,0.073715
32.7,0.12065,0.34235,0.12205,0.10232,0.06936
32.8,0.10955,0.32017,0.12624,0.093026,0.084702
32.9,0.11224,0.33973,0.12226,0.085804,0.076666
33,0.10155,0.32505,0.11205,0.097747,0.082345
33.1,0.09317,0.31602,0.11374,0.084637,0.07972
33.2,0.084475,0.32581,0.1185,0.091073,0.079439
33.3,0.086004,0.33336,0.11514,0.093902,0.075519
33.4,0.094614,0.33115,0.12419,0.088042,0.08151
33.5,0.10784,0.3291,0.11522,0.098594,0.09517
33.6,0.10795,0.32568,0.12406,0.085253,0.10714
33.7,0.10053,0.33475,0.13506,0.098401,0.12376
33.8,0.094404,0.32429,0.1379,0.098415,0.12175
33.9,0.086433,0.31666,0.1507,0.089065,0.12491
34,0.080792,0.32729,0.15499,0.10622,0.12942
34.1,0.079823,0.32461,0.16287,0.096779,0.12416
34.2,0.093545,0.32692,0.16886,0.10426,0.13901
34.3,0.097405,0.32298,0.16496,0.10885,0.12411
34.4,0.089446,0.32083,0.16024,0.095985,0.12299
34.5,0.083804,0.32506,0.1639,0.1156,0.12947
34.6,0.077459,0.32733,0.15531,0.1066,0.12069
34.7,0.070588,0.31189,0.14879,0.12168,0.11774
34.8,0.067523,0.32671,0.15025,0.12282,0.11754
34.9,0.06088,0.31636,0.15329,0.11267,0.099853
35,0.068885,0.32197,0.1391,0.13131,0.098302
35.1,0.093481,0.31806,0.16053,0.11909,0.095226
35.2,0.092514,0.32673,0.14949,0.13571,0.090061
35.3,0.095169,0.3263,0.15535,0.12388,0.089248
35.4,0.078222,0.32305,0.14901,0.1232,0.079952
35.5,0.078749,0.3287,0.14875,0.13379,0.090411
35.6,0.076162,0.3353,0.13188,0.11772,0.081897
35.7,0.094072,0.33705,0.13605,0.13211,0.089767
35.8,0.099972,0.33725,0.13612,0.11426,0.092599
35.9,0.086696,0.33542,0.13623,0.12284,0.089402
36,0.095923,0.35363,0.13274,0.12883,0.098532
36.1,0.097912,0.35539,0.12793,0.11376,0.090235
36.2,0.093247,0.35634,0.12543,0.12213,0.098694
36.3,0.092944,0.35789,0.12973,0.11959,0.090547
36.4,0.081913,0.37828,0.13428,0.11513,0.090325
36.5,0.086945,0.3778,0.13739,0.12531,0.099154
36.6,0.080311,0.36326,0.13622,0.11723,0.096211
36.7,0.078415,0.37838,0.13227,0.12449,0.089961
36.8,0.084706,0.37004,0.13223,0.11935,0.098457
36.9,0.079223,0.38044,0.14271,0.11036,0.092528
37,0.075312,0.36659,0.13405,0.12288,0.086468
37.1,0.071379,0.36847,0.13715,0.11912,0.084799
37.2,0.069127,0.37703,0.14381,0.11615,0.089594
37.3,0.074503,0.37446,0.14404,0.12321,0.076212
37.4,0.071843,0.3882,0.15908,0.11002,0.076693
37.5,0.067531,0.38769,0.16022,0.12299,0.068694
37.6,0.068502,0.37705,0.16336,0.11651,0.055063
37.7,0.073276,0.37222,0.16976,0.12203,0.076997
37.8,0.068518,0.39004,0.15486,0.11,0.071019
37.9,0.069084,0.37859,0.15322,0.11005,0.071878
38,0.071257,0.37659,0.15091,0.12188,0.066739
38.1,0.065556,0.37994,0.15572,0.11146,0.072995
38.2,0.06667,0.39012,0.14413,0.11131,0.069159
38.3,0.071571,0.39024,0.15118,0.1173,0.083004
38.4,0.078244,0.3817,0.14699,0.11471,0.069888
38.5,0.078121,0.39007,0.14826,0.12898,0.075577
38.6,0.07695,0.39027,0.14808,0.13366,0.072491
38.7,0.071779,0.38428,0.1488,0.14192,0.074731
38.8,0.07052,0.39125,0.14317,0.14067,0.079714
38.9,0.061764,0.41329,0.13883,0.14567,0.073988
39,0.058211,0.40748,0.14619,0.14867,0.074256
39.1,0.052805,0.40547,0.13338,0.13696,0.073939
39.2,0.054769,0.42286,0.14511,0.14729,0.073575
39.3,0.064896,0.40141,0.13224,0.13957,0.068699
39.4,0.077976,0.39698,0.14058,0.13997,0.076699
39.5,0.085739,0.41978,0.1405,0.13529,0.07541
39.6,0.087727,0.41553,0.13537,0.12807,0.092148
39.7,0.097443,0.40939,0.13313,0.14109,0.073333
39.8,0.098926,0.4248,0.1361,0.13782,0.080729
39.9,0.10822,0.41697,0.12744,0.14234,0.09356
40,0.10545,0.4013,0.14185,0.13338,0.073325
40.1,0.12166,0.41374,0.1522,0.14256,0.076695
40.2,0.12099,0.40344,0.15156,0.14743,0.076015
40.3,0.13214,0.40435,0.15353,0.14602,0.075867
40.4,0.11844,0.41079,0.16154,0.1531,0.090537
40.5,0.1165,0.38989,0.15016,0.15418,0.09639
40.6,0.11537,0.40617,0.15657,0.15464,0.10174
40.7,0.11829,0.41264,0.15561,0.1497,0.098811
40.8,0.12886,0.4063,0.15504,0.15131,0.10227
40.9,0.12107,0.41362,0.14552,0.1533,0.11194
41,0.12797,0.40134,0.16182,0.15118,0.10927
41.1,0.12531,0.40981,0.14446,0.149,0.09709
41.2,0.13018,0.40198,0.15196,0.15069,0.098311
41.3,0.13149,0.4128,0.15061,0.14319,0.095352
41.4,0.14069,0.41155,0.15273,0.15282,0.0767
41.5,0.13857,0.39976,0.14898,0.14612,0.084068
41.6,0.14426,0.41324,0.15265,0.14163,0.085369
41.7,0.13272,0.41294,0.15794,0.14407,0.085434
41.8,0.13623,0.40396,0.15176,0.14741,0.071511
41.9,0.13333,0.41616,0.16015,0.13944,0.084755
42,0.13809,0.40514,0.16024,0.14826,0.076211
42.1,0.1268,0.39757,0.14812,0.13493,0.069955
42.2,0.13094,0.41812,0.152,0.13845,0.064741
42.3,0.12659,0.39636,0.15557,0.1396,0.066984
42.4,0.12876,0.41727,0.15325,0.14099,0.063861
42.5,0.12846,0.41597,0.15412,0.14231,0.054426
42.6,0.11431,0.40819,0.15555,0.14004,0.049398
42.7,0.11014,0.42799,0.1602,0.14282,0.056076
42.8,0.10989,0.39811,0.16097,0.14959,0.047234
42.9,0.10883,0.4136,0.1617,0.15641,0.045006
43,0.11926,0.42429,0.16824,0.16176,0.038021
43.1,0.11299,0.42175,0.14885,0.15599,0.047403
43.2,0.10123,0.42939,0.15317,0.15756,0.032455
43.3,0.099641,0.42544,0.14665,0.15917,0.034232
43.4,0.091765,0.43155,0.14627,0.15443,0.035442
43.5,0.11172,0.44099,0.15086,0.15643,0.040172
43.6,0.11317,0.42508,0.144,0.15655,0.033606
43.7,0.11563,0.43663,0.13819,0.15043,0.028005
43.8,0.11214,0.42989,0.13768,0.14684,0.032989
43.9,0.10498,0.44372,0.14886,0.14879,0.037475
44,0.10657,0.44889,0.15381,0.14823,0.037169
44.1,0.099581,0.43711,0.15052,0.14739,0.033708
44.2,0.097376,0.45369,0.1544,0.14147,0.031373
44.3,0.10151,0.45396,0.1608,0.14652,0.026664
44.4,0.10599,0.45117,0.16313,0.13607,0.022412
44.5,0.11027,0.46696,0.1614,0.14491,0.020475
44.6,0.11205,0.45342,0.16612,0.13762,0.029645
44.7,0.11364,0.47144,0.16218,0.13776,0.022158
44.8,0.11385,0.46006,0.16511,0.13825,0.026633
44.9,0.10961,0.45258,0.16514,0.13327,0.025226
45,0.09317,0.46858,0.16438,0.14304,0.028576
45.1,0.090256,0.45888,0.16337,0.14103,0.034587
45.2,0.088543,0.47047,0.16826,0.13984,0.025351
45.3,0.084567,0.47501,0.16064,0.14093,0.030137
45.4,0.092476,0.46801,0.16513,0.13887,0.023791
45.5,0.098711,0.47696,0.16266,0.13186,0.027564
45.6,0.095121,0.46502,0.16672,0.14185,0.020556
45.7,0.096567,0.47251,0.16824,0.13396,0.021032
45.8,0.092194,0.48082,0.16435,0.13522,0.020157
45.9,0.085319,0.47625,0.17981,0.1373,0.023519
46,0.079045,0.48418,0.17072,0.1365,0.020894
46.1,0.086576,0.4648,0.17742,0.13586,0.024501
46.2,0.081441,0.48071,0.1726,0.15382,0.029006
46.3,0.090641,0.47799,0.16211,0.13905,0.016452
46.4,0.078474,0.46404,0.16444,0.13109,0.029114
46.5,0.077995,0.48419,0.16628,0.12931,0.016939
46.6,0.071616,0.47752,0.1635,0.14527,0.022493
46.7,0.0707,0.4773,0.16713,0.14533,0.020663
46.8,0.061418,0.48576,0.16509,0.14583,0.02798
46.9,0.065191,0.48084,0.15867,0.14718,0.02411
47,0.063462,0.49391,0.16672,0.13984,0.024652
47.1,0.067232,0.48337,0.16934,0.13992,0.035026
47.2,0.082312,0.49507,0.16589,0.13991,0.035101
47.3,0.086484,0.50117,0.17568,0.13978,0.035447
47.4,0.09202,0.48454,0.17178,0.14898,0.034785
47.5,0.087625,0.50763,0.17882,0.13752,0.041131
47.6,0.091381,0.5038,0.1856,0.15356,0.04213
47.7,0.075448,0.49818,0.17939,0.14765,0.045856
47.8,0.07212,0.50173,0.18156,0.15154,0.048695
47.9,0.066585,0.49888,0.17894,0.15026,0.049394
48,0.068174,0.50721,0.18078,0.15187,0.045668
48.1,0.06436,0.52714,0.1894,0.15709,0.049869
48.2,0.069266,0.51152,0.17855,0.16028,0.049998
48.3,0.077975,0.5361,0.19058,0.15369,0.039954
48.4,0.080157,0.52747,0.19404,0.15843,0.037955
48.5,0.084679,0.53541,0.19289,0.15877,0.048394
48.6,0.094126,0.53673,0.20311,0.16385,0.039508
48.7,0.093375,0.53132,0.19726,0.15799,0.056142
48.8,0.093513,0.53259,0.19798,0.16178,0.053331
48.9,0.093129,0.54435,0.19137,0.16037,0.048498
49,0.10499,0.53593,0.18384,0.14815,0.049934
49.1,0.10473,0.5486,0.17728,0.14842,0.071559
49.2,0.10425,0.55737,0.18288,0.14708,0.062565
49.3,0.1046,0.55796,0.16389,0.14769,0.070492
49.4,0.12055,0.5605,0.16461,0.15921,0.093788
49.5,0.11608,0.56482,0.16284,0.15652,0.095338
49.6,0.11725,0.55868,0.15924,0.15924,0.10332
49.7,0.11414,0.56973,0.15192,0.15629,0.099726
49.8,0.1127,0.57081,0.14744,0.15699,0.09931
49.9,0.12571,0.55249,0.14093,0.15185,0.11042
50,0.1277,0.56702,0.14524,0.16141,0.11175
50.1,0.12802,0.54395,0.14249,0.15696,0.11313
50.2,0.1204,0.55861,0.14094,0.15961,0.12202
50.3,0.10733,0.575,0.14163,0.16392,0.11326
50.4,0.11752,0.54578,0.13379,0.15602,0.10823
50.5,0.11501,0.56867,0.13683,0.16467,0.10777
50.6,0.11356,0.57367,0.13718,0.1536,0.10738
50.7,0.11165,0.56379,0.13895,0.15776,0.10498
50.8,0.10667,0.57002,0.15755,0.14132,0.11353
50.9,0.10638,0.59371,0.16038,0.15657,0.096689
51,0.11543,0.58197,0.1666,0.14909,0.10015
51.1,0.10598,0.58836,0.17939,0.13806,0.09343
51.2,0.10076,0.6162,0.18786,0.1589,0.10205
51.3,0.088956,0.59733,0.18146,0.15675,0.0942
51.4,0.092927,0.60393,0.18642,0.14802,0.09533
51.5,0.087328,0.61925,0.18306,0.14844,0.090947
51.6,0.086183,0.59867,0.17647,0.14925,0.079387
51.7,0.08487,0.59953,0.17024,0.15073,0.088147
51.8,0.097251,0.62365,0.16548,0.15536,0.08478
51.9,0.088879,0.61993,0.1725,0.15863,0.082165
52,0.090853,0.63113,0.17281,0.15533,0.085485
52.1,0.084238,0.62544,0.16962,0.15388,0.069312
52.2,0.07927,0.63545,0.17963,0.15675,0.06987
52.3,0.079511,0.63851,0.17845,0.15362,0.063698
52.4,0.074466,0.63008,0.1849,0.16991,0.066008
52.5,0.085252,0.64302,0.17431,0.15706,0.076632
52.6,0.089975,0.64422,0.17962,0.16276,0.071292
52.7,0.09622,0.63859,0.17471,0.16529,0.079151
52.8,0.094313,0.65445,0.17436,0.16972,0.076419
52.9,0.097262,0.65627,0.17393,0.16787,0.098149
53,0.094365,0.63703,0.17425,0.16204,0.086658
53.1,0.090059,0.63858,0.17909,0.17172,0.090339
53.2,0.091782,0.64946,0.18299,0.16825,0.090501
53.3,0.091199,0.6391,0.17567,0.16395,0.089377
53.4,0.084134,0.63685,0.18038,0.15762,0.10217
53.5,0.07891,0.64071,0.18525,0.15557,0.091097
53.6,0.078128,0.62857,0.18912,0.16981,0.097441
53.7,0.086645,0.63667,0.20069,0.15565,0.10179
53.8,0.091404,0.63711,0.19839,0.17001,0.10161
53.9,0.091785,0.61544,0.20501,0.1554,0.11845
54,0.094522,0.61139,0.20363,0.16543,0.11713
54.1,0.091102,0.61916,0.21686,0.15135,0.12326
54.2,0.090548,0.62655,0.22546,0.16922,0.12731
54.3,0.090271,0.6292,0.22761,0.15435,0.14672
54.4,0.092975,0.62974,0.22558,0.16058,0.1481
54.5,0.094091,0.62762,0.23188,0.15691,0.15756
54.6,0.087627,0.626,0.22856,0.16588,0.15711
54.7,0.090115,0.61922,0.22112,0.16328,0.16052
54.8,0.079128,0.62432,0.22008,0.1612,0.16375
54.9,0.0941,0.61469,0.21699,0.16258,0.17298
55,0.096406,0.61547,0.20355,0.16529,0.17247
55.1,0.094228,0.63913,0.20363,0.15696,0.17181
55.2,0.084947,0.62393,0.19466,0.16114,0.15887
55.3,0.09052,0.62647,0.18966,0.1613,0.15812
55.4,0.089774,0.63564,0.18899,0.16749,0.15879
55.5,0.097349,0.64218,0.18541,0.15902,0.15389
55.6,0.099982,0.65617,0.18649,0.16435,0.1545
55.7,0.10104,0.64612,0.19032,0.16601,0.15044
55.8,0.10273,0.65104,0.18237,0.16857,0.14745
55.9,0.10339,0.65417,0.18008,0.16183,0.14363
56,0.096102,0.64578,0.17183,0.16439,0.14884
56.1,0.095418,0.66,0.1741,0.15517,0.14102
56.2,0.095081,0.65836,0.16918,0.163,0.13993
56.3,0.094929,0.66483,0.16887,0.15802,0.12841
56.4,0.097325,0.65618,0.16074,0.1563,0.12404
56.5,0.097169,0.66086,0.16701,0.15882,0.1355
56.6,0.099798,0.66154,0.15934,0.16681,0.12556
56.7,0.10249,0.66827,0.14291,0.16314,0.12929
56.8,0.10085,0.66067,0.15537,0.16169,0.11761
56.9,0.10781,0.66391,0.15461,0.17741,0.10951
57,0.1082,0.65529,0.15458,0.17596,0.13243
57.1,0.10898,0.67442,0.15235,0.17687,0.12988
57.2,0.10843,0.68151,0.14809,0.17922,0.13251
57.3,0.10897,0.673,0.15558,0.18323,0.13903
57.4,0.11162,0.66588,0.14546,0.17911,0.14541
57.5,0.108,0.6673,0.15695,0.18151,0.14033
57.6,0.10842,0.68191,0.14981,0.1801,0.15177
57.7,0.10588,0.68172,0.15756,0.18634,0.17458
57.8,0.112,0.70248,0.15816,0.18748,0.18548
57.9,0.10457,0.70447,0.14966,0.18758,0.1958
58,0.10958,0.69524,0.16512,0.19121,0.19572
58.1,0.10691,0.69719,0.16607,0.18513,0.1957
58.2,0.1104,0.71872,0.16504,0.19081,0.19535
58.3,0.109,0.70815,0.16038,0.18744,0.18721
58.4,0.10439,0.71088,0.16723,0.17507,0.18076
58.5,0.10674,0.71374,0.1675,0.19375,0.17004
58.6,0.10214,0.7126,0.17503,0.1913,0.17922
58.7,0.10189,0.70776,0.16493,0.18145,0.17672
58.8,0.10147,0.71823,0.16165,0.18044,0.17126
58.9,0.10649,0.71631,0.15652,0.1854,0.17305
59,0.10195,0.72201,0.16501,0.1871,0.16533
59.1,0.10456,0.72005,0.15995,0.17345,0.16401
59.2,0.096141,0.71557,0.17283,0.1888,0.15923
59.3,0.10175,0.72008,0.16218,0.17805,0.16332
59.4,0.096751,0.72796,0.16596,0.17778,0.16159
59.5,0.095714,0.72329,0.15708,0.16866,0.15099
59.6,0.090109,0.70501,0.14986,0.17727,0.16331
59.7,0.094091,0.6993,0.16274,0.17783,0.15777
59.8,0.089652,0.71658,0.15684,0.18324,0.15312
59.9,0.093376,0.7095,0.15415,0.17385,0.15656
60,0.086519,0.70383,0.15635,0.18003,0.15407
60.1,0.090484,0.711,0.15071,0.18458,0.15359
60.2,0.085445,0.70212,0.16017,0.18379,0.14647
60.3,0.087005,0.71247,0.16599,0.1822,0.16471
60.4,0.085264,0.72251,0.16481,0.17756,0.16262
60.5,0.082718,0.72136,0.16213,0.19841,0.16403
60.6,0.089256,0.72386,0.16523,0.18426,0.15748
60.7,0.088767,0.73632,0.16263,0.19117,0.16097
60.8,0.097571,0.7501,0.16757,0.19411,0.14462
60.9,0.099485,0.7646,0.16216,0.19205,0.1436
61,0.10088,0.74581,0.16363,0.19469,0.14819
61.1,0.096781,0.75752,0.16531,0.18151,0.1405
61.2,0.10297,0.77293,0.16651,0.19311,0.1438
61.3,0.10964,0.77193,0.17516,0.18641,0.14313
61.4,0.10888,0.76824,0.18446,0.18003,0.1392
61.5,0.10583,0.77477,0.19237,0.17767,0.12655
61.6,0.10544,0.78982,0.19348,0.18326,0.12179
61.7,0.11384,0.77768,0.19344,0.17992,0.12298
61.8,0.11373,0.79147,0.18644,0.16898,0.1209
61.9,0.11346,0.77835,0.18202,0.18229,0.11067
62,0.10995,0.79915,0.18281,0.172,0.11274
62.1,0.1086,0.78133,0.18688,0.17325,0.1035
62.2,0.11206,0.77565,0.18989,0.18362,0.11959
62.3,0.1033,0.77871,0.18713,0.17219,0.11392
62.4,0.098708,0.78983,0.18659,0.19588,0.11698
62.5,0.099789,0.77772,0.18338,0.188,0.12019
62.6,0.094001,0.77093,0.18726,0.19521,0.11699
62.7,0.094655,0.7805,0.17682,0.19327,0.11301
62.8,0.08919,0.79064,0.17778,0.20574,0.11315
62.9,0.089193,0.78576,0.17113,0.20849,0.12232
63,0.082721,0.78797,0.1676,0.20181,0.11653
63.1,0.078968,0.7989,0.1672,0.20253,0.1191
63.2,0.083543,0.78303,0.1766,0.19705,0.10899
63.3,0.081749,0.78667,0.17759,0.20206,0.10728
63.4,0.082596,0.79299,0.18935,0.20452,0.11601
63.5,0.075285,0.79097,0.1981,0.18986,0.11391
63.6,0.071984,0.79044,0.19327,0.20461,0.12414
63.7,0.077195,0.78631,0.20995,0.20618,0.12646
63.8,0.090472,0.796,0.20347,0.2024,0.10932
63.9,0.080914,0.79594,0.20793,0.19623,0.12541
64,0.084058,0.80213,0.1963,0.19795,0.11557
64.1,0.079968,0.79808,0.20304,0.20568,0.11586
64.2,0.079047,0.80074,0.21856,0.20397,0.11629
64.3,0.073772,0.79828,0.21118,0.20562,0.10514
64.4,0.090283,0.79649,0.2068,0.20994,0.10435
64.5,0.090061,0.81421,0.21428,0.20915,0.10181
64.6,0.078952,0.81496,0.20944,0.213,0.10338
64.7,0.072918,0.81332,0.2126,0.22394,0.095883
64.8,0.076793,0.80819,0.1991,0.21139,0.090239
64.9,0.074788,0.81428,0.20292,0.21231,0.094486
65,0.08178,0.82163,0.21102,0.20598,0.098948
65.1,0.099708,0.82113,0.21702,0.21841,0.087488
65.2,0.10008,0.82712,0.2146,0.22831,0.087687
65.3,0.10033,0.83425,0.21271,0.24513,0.084451
65.4,0.11247,0.84649,0.21053,0.24525,0.084188
65.5,0.11401,0.83019,0.21005,0.26048,0.064444
65.6,0.10275,0.84531,0.20487,0.25882,0.069588
65.7,0.10541,0.83448,0.20962,0.26004,0.081546
65.8,0.10723,0.87735,0.19573,0.2492,0.071718
65.9,0.1075,0.86801,0.21139,0.25672,0.07615
66,0.10362,0.86503,0.19327,0.24899,0.088726
66.1,0.10222,0.86162,0.20174,0.24774,0.091779
66.2,0.097973,0.87656,0.19767,0.24045,0.1102
66.3,0.10292,0.85422,0.18913,0.24062,0.13325
66.4,0.091551,0.85289,0.19229,0.23053,0.13532
66.5,0.086787,0.85757,0.18511,0.22985,0.1568
66.6,0.084584,0.86285,0.18645,0.22263,0.17099
66.7,0.08814,0.84155,0.17635,0.22553,0.16405
66.8,0.088133,0.85016,0.1776,0.21627,0.18206
66.9,0.08584,0.86471,0.17304,0.21067,0.17927
67,0.086049,0.86521,0.18253,0.21542,0.177
67.1,0.08764,0.85353,0.18749,0.21842,0.18187
67.2,0.08282,0.86917,0.18523,0.20567,0.18758
67.3,0.078111,0.86522,0.17923,0.20777,0.17345
67.4,0.08516,0.86104,0.18435,0.20885,0.18463
67.5,0.085487,0.8592,0.18957,0.2131,0.18814
67.6,0.087307,0.88629,0.18781,0.19852,0.17758
67.7,0.082877,0.89704,0.1991,0.21093,0.1784
67.8,0.092824,0.90709,0.19806,0.20396,0.17548
67.9,0.090334,0.90639,0.19351,0.20255,0.17724
68,0.09693,0.9264,0.18988,0.1966,0.17019
68.1,0.092943,0.93668,0.19242,0.20321,0.16659
68.2,0.087487,0.94472,0.19464,0.19804,0.16839
68.3,0.08889,0.94655,0.19517,0.19886,0.16488
68.4,0.08278,0.95778,0.18637,0.19316,0.1704
68.5,0.081919,0.9633,0.19608,0.18388,0.16635
68.6,0.083595,0.96762,0.188,0.18939,0.1767
68.7,0.091985,0.96038,0.1937,0.19455,0.18767
68.8,0.086656,0.95837,0.20998,0.18938,0.18713
68.9,0.090829,0.9638,0.20949,0.18225,0.2041
69,0.07968,0.98316,0.20793,0.18666,0.21525
69.1,0.084529,0.99551,0.21185,0.18337,0.23237
69.2,0.086356,0.99136,0.21774,0.19161,0.21678
69.3,0.095254,1.0163,0.22188,0.18232,0.22525
69.4,0.094424,1.0198,0.21284,0.18967,0.23998
69.5,0.091399,1.032,0.20494,0.18423,0.23534
69.6,0.092617,1.0269,0.20397,0.19078,0.22754
69.7,0.082552,1.0302,0.19256,0.18298,0.2356
69.8,0.07919,1.0379,0.19457,0.19845,0.22936
69.9,0.085705,1.0466,0.19008,0.18509,0.21572
70,0.081941,1.0383,0.19479,0.19784,0.21604
70.1,0.072475,1.0308,0.19563,0.18372,0.21898
70.2,0.07109,1.0297,0.19313,0.19789,0.2221
70.3,0.069025,1.0425,0.20173,0.19661,0.2172
70.4,0.070619,1.0417,0.20387,0.20655,0.22101
70.5,0.068181,1.0356,0.2066,0.20205,0.2134
70.6,0.070612,1.0484,0.20267,0.20477,0.21508
70.7,0.065187,1.0552,0.19558,0.20266,0.20784
70.8,0.073595,1.0483,0.19143,0.20404,0.20082
70.9,0.082064,1.0537,0.19744,0.20075,0.20692
71,0.081472,1.0441,0.19575,0.19753,0.20083
71.1,0.079485,1.0403,0.20383,0.20873,0.1969
71.2,0.08232,1.0599,0.19772,0.19001,0.18967
71.3,0.077985,1.0528,0.19549,0.19856,0.21252
71.4,0.080663,1.0666,0.1927,0.20298,0.21105
71.5,0.084486,1.0559,0.19284,0.19238,0.22463
71.6,0.080994,1.0525,0.18681,0.20546,0.24156
71.7,0.078046,1.0541,0.178,0.20454,0.25169
71.8,0.072372,1.0682,0.17674,0.21235,0.24984
71.9,0.079998,1.0583,0.1765,0.20515,0.25822
72,0.086093,1.0473,0.17979,0.21329,0.26144
72.1,0.081402,1.0538,0.19292,0.21834,0.25563
72.2,0.066522,1.0508,0.19215,0.23048,0.25948
72.3,0.072306,1.0541,0.20562,0.23022,0.25655
72.4,0.064159,1.0384,0.21046,0.22363,0.25495
72.5,0.067088,1.0368,0.2062,0.23816,0.25123
72.6,0.071399,1.0318,0.20367,0.22361,0.24068
72.7,0.075789,1.0413,0.20347,0.2373,0.2271
72.8,0.080246,1.0434,0.20222,0.22733,0.23651
72.9,0.076135,1.0403,0.19567,0.22619,0.23509
73,0.089476,1.0418,0.19582,0.22908,0.23128
73.1,0.086934,1.0407,0.20861,0.22893,0.22869
73.2,0.093978,1.0528,0.20505,0.22348,0.228
73.3,0.096924,1.054,0.20878,0.22538,0.22384
73.4,0.10165,1.0507,0.21009,0.22669,0.23347
73.5,0.10091,1.0509,0.19684,0.21842,0.22347
73.6,0.10269,1.0649,0.19389,0.22179,0.21773
73.7,0.09866,1.0757,0.1906,0.22065,0.22957
73.8,0.1159,1.0704,0.18165,0.22406,0.21473
73.9,0.11751,1.0604,0.18378,0.21266,0.2079
74,0.11286,1.0692,0.18091,0.22304,0.20838
74.1,0.10629,1.081,0.17907,0.22287,0.20478
74.2,0.10268,1.0922,0.17244,0.22258,0.19715
74.3,0.10339,1.1067,0.17857,0.22173,0.20046
74.4,0.10213,1.1068,0.18123,0.21452,0.19715
74.5,0.10389,1.1253,0.19532,0.22426,0.19388
74.6,0.10133,1.122,0.20047,0.22581,0.19937
74.7,0.10462,1.1394,0.1952,0.23131,0.20242
74.8,0.095897,1.1584,0.19189,0.2347,0.20152
74.9,0.094924,1.1607,0.20222,0.24339,0.21111
75,0.10291,1.162,0.19422,0.24148,0.21308
75.1,0.096939,1.1591,0.206,0.2443,0.23148
75.2,0.11313,1.1632,0.20332,0.24981,0.24907
75.3,0.10366,1.1558,0.20215,0.25155,0.26519
75.4,0.10257,1.1662,0.19701,0.25017,0.27684
75.5,0.10089,1.1696,0.19171,0.25537,0.30517
75.6,0.092297,1.1758,0.19187,0.25707,0.31979
75.7,0.090719,1.1759,0.18794,0.25505,0.31632
75.8,0.097648,1.1769,0.18082,0.25581,0.31616
75.9,0.096365,1.1906,0.18885,0.25646,0.31145
76,0.093412,1.221,0.1767,0.26232,0.31502
76.1,0.088347,1.24,0.18141,0.257,0.31637
76.2,0.082278,1.2627,0.18488,0.26258,0.307
76.3,0.082246,1.2879,0.17623,0.26312,0.30385
76.4,0.081055,1.3005,0.17644,0.26124,0.30285
76.5,0.075242,1.3353,0.18469,0.26515,0.29448
76.6,0.076484,1.3606,0.18285,0.26382,0.29947
76.7,0.077926,1.3663,0.1846,0.26886,0.30297
76.8,0.074433,1.3801,0.18455,0.2643,0.30393
76.9,0.070653,1.3907,0.18024,0.25546,0.29342
77,0.074375,1.404,0.17934,0.25822,0.28667
77.1,0.072135,1.4063,0.18843,0.25624,0.28421
77.2,0.080996,1.4077,0.19009,0.26445,0.28374
77.3,0.081815,1.4169,0.19462,0.26201,0.27362
77.4,0.079062,1.4252,0.2012,0.25053,0.2574
77.5,0.083679,1.4312,0.19691,0.25818,0.26487
77.6,0.086305,1.4377,0.20179,0.24285,0.25603
77.7,0.095134,1.4474,0.2007,0.24695,0.24798
77.8,0.089508,1.4767,0.20472,0.24534,0.24786
77.9,0.076585,1.4663,0.20271,0.24734,0.2384
78,0.072598,1.4723,0.20445,0.24036,0.26437
78.1,0.08047,1.4797,0.20782,0.2403,0.25522
78.2,0.088135,1.4916,0.20927,0.22844,0.25087
78.3,0.091432,1.4717,0.20633,0.22862,0.24905
78.4,0.081613,1.4671,0.19678,0.23075,0.25134
78.5,0.068458,1.4726,0.21211,0.22738,0.24804
78.6,0.05935,1.4622,0.20696,0.22171,0.25062
78.7,0.079358,1.4544,0.19288,0.23239,0.24804
78.8,0.078254,1.4535,0.18757,0.23268,0.24082
78.9,0.077048,1.4529,0.19223,0.22638,0.23951
79,0.076334,1.4593,0.18597,0.23044,0.2354
79.1,0.067205,1.4508,0.17888,0.23662,0.2557
79.2,0.066644,1.4404,0.17743,0.23386,0.23052
79.3,0.058231,1.4528,0.17241,0.23199,0.25065
79.4,0.0541,1.4359,0.17542,0.22965,0.26752
79.5,0.051533,1.432,0.17254,0.22489,0.25679
79.6,0.050031,1.4285,0.16275,0.22821,0.26271
79.7,0.051681,1.4283,0.16141,0.22495,0.27296
79.8,0.055987,1.4216,0.17159,0.22867,0.26077
79.9,0.056981,1.4071,0.17502,0.22764,0.25339
80,0.045381,1.4021,0.17533,0.22792,0.24965
80.1,0.043169,1.4124,0.16625,0.22226,0.23775
80.2,0.042319,1.4187,0.16924,0.22626,0.22859
80.3,0.045892,1.4367,0.16314,0.22666,0.22582
80.4,0.044471,1.4541,0.17287,0.22578,0.217
80.5,0.049071,1.4547,0.18275,0.22644,0.20643
80.6,0.053569,1.4789,0.19572,0.23428,0.19669
80.7,0.059142,1.5037,0.18448,0.24037,0.203
80.8,0.068429,1.4968,0.19588,0.23655,0.18577
80.9,0.064444,1.4923,0.19668,0.24825,0.17882
81,0.057838,1.518,0.20073,0.24962,0.16789
81.1,0.057376,1.5086,0.20412,0.24448,0.17356
81.2,0.055226,1.5083,0.21022,0.25227,0.1723
81.3,0.05394,1.5011,0.19588,0.24566,0.1715
81.4,0.056411,1.5063,0.21043,0.25353,0.17902
81.5,0.058194,1.4946,0.21235,0.25106,0.17561
81.6,0.060355,1.4915,0.22359,0.25411,0.17222
81.7,0.061577,1.5092,0.22212,0.25083,0.17515
81.8,0.066945,1.4941,0.21668,0.2565,0.16934
81.9,0.054154,1.4941,0.21489,0.24811,0.1781
82,0.055424,1.4863,0.21527,0.25463,0.1832
82.1,0.047662,1.4776,0.20859,0.24976,0.18577
82.2,0.050526,1.4846,0.20778,0.24725,0.17677
82.3,0.064471,1.5048,0.20017,0.25717,0.17724
82.4,0.073593,1.4878,0.19654,0.24445,0.17704
82.5,0.06871,1.4798,0.19526,0.24216,0.16385
82.6,0.062902,1.496,0.18227,0.25715,0.17819
82.7,0.060444,1.4827,0.18094,0.24431,0.1789
82.8,0.06698,1.4715,0.18269,0.24966,0.16374
82.9,0.065661,1.4986,0.17804,0.2434,0.1726
83,0.064306,1.4722,0.16882,0.25327,0.17152
83.1,0.072491,1.4842,0.17163,0.23384,0.16321
83.2,0.062586,1.5242,0.1748,0.25054,0.17399
83.3,0.068316,1.4983,0.18237,0.2419,0.17466
83.4,0.056439,1.5055,0.17678,0.24938,0.17227
83.5,0.058748,1.5108,0.17619,0.24414,0.18424
83.6,0.062988,1.5274,0.17781,0.24178,0.18809
83.7,0.071752,1.5295,0.17622,0.23658,0.20283
83.8,0.066283,1.5379,0.18038,0.23573,0.197
83.9,0.059567,1.5581,0.17477,0.23299,0.19899
84,0.069546,1.5653,0.18246,0.23659,0.20532
84.1,0.06286,1.5723,0.1835,0.24161,0.20786
84.2,0.059539,1.5711,0.18351,0.23363,0.22339
84.3,0.05416,1.5849,0.17618,0.24212,0.24396
84.4,0.052069,1.6032,0.17876,0.24271,0.25778
84.5,0.05229,1.6017,0.18252,0.24333,0.28605
84.6,0.059412,1.6087,0.18437,0.24166,0.28592
84.7,0.060996,1.6288,0.1774,0.23594,0.31998
84.8,0.075943,1.6201,0.18193,0.24281,0.34016
84.9,0.073058,1.6146,0.18407,0.24558,0.36628
85,0.07159,1.6384,0.18176,0.2505,0.37529
85.1,0.076244,1.6471,0.19571,0.2476,0.38558
85.2,0.083105,1.6393,0.20221,0.24166,0.40039
85.3,0.087543,1.6411,0.21087,0.24548,0.38514
85.4,0.093594,1.653,0.20558,0.24284,0.40253
85.5,0.088196,1.6617,0.21471,0.24577,0.39317
85.6,0.081537,1.6684,0.22304,0.23889,0.38458
85.7,0.087608,1.6519,0.22013,0.24292,0.38185
85.8,0.085299,1.6536,0.21626,0.22891,0.38063
85.9,0.081531,1.6504,0.20952,0.24341,0.37727
86,0.079822,1.6469,0.21453,0.22285,0.37011
86.1,0.08321,1.627,0.21585,0.22795,0.37426
86.2,0.086269,1.6188,0.21143,0.22619,0.36917
86.3,0.0899,1.6248,0.21095,0.21104,0.37942
86.4,0.081371,1.6104,0.20202,0.21437,0.38498
86.5,0.086992,1.6208,0.20301,0.22585,0.3935
86.6,0.084371,1.6125,0.19646,0.20737,0.3946
86.7,0.095613,1.6033,0.20703,0.21799,0.392
86.8,0.099552,1.5832,0.19954,0.20831,0.39114
86.9,0.094615,1.5875,0.20187,0.20995,0.38362
87,0.094591,1.5636,0.20003,0.20706,0.38443
87.1,0.087586,1.555,0.20937,0.21809,0.36813
87.2,0.091796,1.5459,0.19586,0.20667,0.36984
87.3,0.096324,1.5451,0.19783,0.2152,0.35521
87.4,0.087075,1.5394,0.20395,0.21203,0.34408
87.5,0.085777,1.5197,0.19203,0.2078,0.34677
87.6,0.085928,1.5151,0.19763,0.21145,0.33459
87.7,0.090684,1.5243,0.19728,0.21652,0.32346
87.8,0.10026,1.5009,0.19307,0.207,0.32922
87.9,0.095281,1.4963,0.19325,0.21204,0.32304
88,0.10014,1.5041,0.20023,0.21824,0.31934
88.1,0.08515,1.4907,0.20143,0.20471,0.32602
88.2,0.075032,1.4945,0.20527,0.21679,0.32522
88.3,0.073006,1.4883,0.21358,0.21606,0.31997
88.4,0.07766,1.4987,0.20507,0.20591,0.33958
88.5,0.071985,1.4758,0.20707,0.21982,0.33287
88.6,0.077055,1.4745,0.20752,0.22941,0.33347
88.7,0.076895,1.4872,0.21378,0.22056,0.33
88.8,0.073079,1.4745,0.2128,0.21879,0.33919
88.9,0.071704,1.4709,0.2189,0.2231,0.33021
89,0.077037,1.4717,0.21129,0.21436,0.33331
89.1,0.069875,1.4637,0.2064,0.20765,0.3363
89.2,0.064216,1.4467,0.21193,0.21906,0.33011
89.3,0.057056,1.4495,0.20935,0.21523,0.32554
89.4,0.058511,1.4522,0.20481,0.20542,0.33132
89.5,0.064269,1.4611,0.20436,0.22353,0.32127
89.6,0.07129,1.4553,0.20774,0.23356,0.31674
89.7,0.066984,1.4627,0.20791,0.23786,0.30742
89.8,0.065531,1.474,0.20074,0.25884,0.30982
89.9,0.062686,1.4823,0.2095,0.24891,0.30258
90,0.062837,1.4805,0.20762,0.25043,0.28638
