0.1,0.060356,0.060633,0.042591,0.051694,-0.01832,-0.01832
0.2,0.063526,0.058292,0.043705,0.049875,-0.015272,-0.015272
0.3,0.063038,0.057203,0.033847,0.054494,-0.010077,-0.010077
0.4,0.06075,0.059629,0.033033,0.052373,-0.0078254,-0.0078254
0.5,0.054441,0.054924,0.047173,0.054175,-0.0078845,-0.0078845
0.6,0.048258,0.052752,0.040818,0.058661,-0.020547,-0.020547
0.7,0.051626,0.061889,0.023274,0.062111,-0.0071239,-0.0071239
0.8,0.048085,0.048514,0.058532,0.059113,-0.028927,-0.028927
0.9,0.053172,0.054522,0.057427,0.067294,-0.020476,-0.020476
1,0.055604,0.054618,0.064937,0.059587,-0.029297,-0.029297
1.1,0.047656,0.049922,0.053287,0.050156,-0.022766,-0.022766
1.2,0.058552,0.046734,0.047436,0.052547,-0.012859,-0.012859
1.3,0.068802,0.039054,0.037621,0.055006,-0.03493,-0.03493
1.4,0.066308,0.041914,0.039745,0.049202,-0.020963,-0.020963
1.5,0.056505,0.035026,0.03872,0.059639,-0.039095,-0.039095
1.6,0.060672,0.030755,0.026971,0.064368,-0.029331,-0.029331
1.7,0.07801,0.035457,0.042016,0.047776,-0.031909,-0.031909
1.8,0.082239,0.046278,0.041111,0.058601,-0.032092,-0.032092
1.9,0.074287,0.042625,0.036038,0.055265,-0.025454,-0.025454
2,0.057653,0.046612,0.024157,0.062686,-0.017574,-0.017574
2.1,0.064349,0.051129,0.039415,0.078074,-0.026901,-0.026901
2.2,0.069037,0.043218,0.03898,0.11698,-0.032151,-0.032151
2.3,0.07493,0.043986,0.034178,0.065488,-0.017551,-0.017551
2.4,0.076248,0.042864,0.056881,0.064351,-0.0074312,-0.0074312
2.5,0.074739,0.04444,0.040132,0.05666,0.0025175,0.0025175
2.6,0.06397,0.036118,0.042083,0.054588,0.015489,0.015489
2.7,0.057258,0.037275,0.052256,0.053801,0.015306,0.015306
2.8,0.070145,0.036848,0.032408,0.04633,0.010991,0.010991
2.9,0.058325,0.039861,0.062999,0.029625,0.019721,0.019721
3,0.062991,0.044297,0.077908,0.040906,0.0087498,0.0087498
3.1,0.054044,0.039722,0.075795,0.047644,-0.00071509,-0.00071509
3.2,0.048781,0.049032,0.05302,0.04326,0.0024216,0.0024216
3.3,0.043551,0.052589,0.049582,0.040341,0.0041484,0.0041484
3.4,0.047887,0.05148,0.030964,0.046102,-0.0039173,-0.0039173
3.5,0.035838,0.05416,0.028689,0.041801,0.017397,0.017397
3.6,0.04242,0.059611,0.036284,0.039219,0.0072731,0.0072731
3.7,0.054845,0.050373,0.032984,0.05535,0.0087266,0.0087266
3.8,0.052967,0.049571,0.044304,0.047372,0.021532,0.021532
3.9,0.045616,0.04755,0.035819,0.035417,0.0063446,0.0063446
4,0.033381,0.037699,0.016218,0.030266,0.012445,0.012445
4.1,0.040305,0.046877,0.042856,0.035354,0.009444,0.009444
4.2,0.040162,0.035548,0.080283,0.054021,0.012206,0.012206
4.3,0.03972,0.03078,0.072623,0.04147,0.0044994,0.0044994
4.4,0.043215,0.024165,0.08005,0.042724,-0.0039838,-0.0039838
4.5,0.050136,0.029569,0.066086,0.045982,-0.0027116,-0.0027116
4.6,0.050749,0.031465,0.062047,0.050015,-0.012556,-0.012556
4.7,0.041025,0.026769,0.059212,0.047129,-0.0081914,-0.0081914
4.8,0.045731,0.029553,0.070771,0.055219,-0.014525,-0.014525
4.9,0.045372,0.033718,0.071449,0.052601,-0.007831,-0.007831
5,0.032259,0.02625,0.08613,0.057566,0.014392,0.014392
5.1,0.037366,0.033262,0.065916,0.056615,0.018572,0.018572
5.2,0.049126,0.031467,0.055272,0.049171,0.023715,0.023715
5.3,0.045879,0.020642,0.043781,0.062779,0.014924,0.014924
5.4,0.035105,0.021703,0.052824,0.055201,0.011232,0.011232
5.5,0.038574,0.023953,0.044685,0.056583,0.012188,0.012188
5.6,0.038082,0.024581,0.049765,0.043575,0.021312,0.021312
5.7,0.043734,0.020218,0.055954,0.067796,-0.0016819,-0.0016819
5.8,0.038651,0.020052,0.043251,0.060965,0.014528,0.014528
5.9,0.037216,0.012469,0.044453,0.151,0.016874,0.016874
6,0.044395,0.017141,0.060102,0.064278,0.0087998,0.0087998
6.1,0.036241,0.017033,0.067349,0.071219,0.014487,0.014487
6.2,0.031805,0.0096028,0.06241,0.066927,0.026295,0.026295
6.3,0.044354,0.02492,0.062696,0.072936,0.018944,0.018944
6.4,0.038785,0.03887,0.046066,0.067907,0.020733,0.020733
6.5,0.042056,0.037935,0.059279,0.061873,0.027533,0.027533
6.6,0.03663,0.035599,0.048833,0.07235,0.029034,0.029034
6.7,0.035951,0.028131,0.07305,0.073219,0.065437,0.065437
6.8,0.031973,0.036184,0.067696,0.06289,0.07198,0.07198
6.9,0.037747,0.032888,0.066083,0.058543,0.094301,0.094301
7,0.043598,0.02994,0.064729,0.055028,0.11867,0.11867
7.1,0.047708,0.025142,0.068789,0.04759,0.12159,0.12159
7.2,0.050094,0.034829,0.074436,0.061684,0.11419,0.11419
7.3,0.040985,0.023245,0.054266,0.044677,0.11735,0.11735
7.4,0.047152,0.018404,0.054212,0.058194,0.10902,0.10902
7.5,0.03256,0.022343,0.056277,0.06118,0.089252,0.089252
7.6,0.04527,0.03447,0.085906,0.064856,0.093933,0.093933
7.7,0.041271,0.041655,0.072038,0.048371,0.0935,0.0935
7.8,0.037442,0.04969,0.065955,0.059139,0.076413,0.076413
7.9,0.033424,0.037875,0.066516,0.06293,0.080017,0.080017
8,0.023434,0.033369,0.07597,0.058829,0.068561,0.068561
8.1,0.023391,0.038327,0.070461,0.058484,0.053452,0.053452
8.2,0.024098,0.038434,0.046354,0.068866,0.048821,0.048821
8.3,0.02523,0.026906,0.058887,0.060617,0.063866,0.063866
8.4,0.044603,0.026137,0.061407,0.060443,0.049727,0.049727
8.5,0.038468,0.032331,0.069175,0.070705,0.033726,0.033726
8.6,0.02967,0.027513,0.080225,0.058988,0.039426,0.039426
8.7,0.03007,0.031985,0.070961,0.068648,0.044536,0.044536
8.8,0.028222,0.026073,0.066244,0.06123,0.029867,0.029867
8.9,0.032687,0.028048,0.07059,0.058426,0.032842,0.032842
9,0.013834,0.034421,0.075022,0.063866,0.020665,0.020665
9.1,0.02513,0.039245,0.068167,0.058214,0.017594,0.017594
9.2,0.022718,0.028999,0.063483,0.053869,0.049364,0.049364
9.3,0.036057,0.033273,0.064084,0.056632,0.069642,0.069642
9.4,0.026548,0.026355,0.062088,0.05837,0.098638,0.098638
9.5,0.011863,0.018632,0.03946,0.069212,0.11178,0.11178
9.6,0.017775,0.034478,0.041158,0.057352,0.13428,0.13428
9.7,0.0076109,0.038812,0.036926,0.075338,0.16127,0.16127
9.8,0.0075132,0.035327,0.027204,0.079192,0.15821,0.15821
9.9,0.016435,0.04286,0.03674,0.075658,0.17274,0.17274
10,0.013433,0.047018,0.016034,0.096828,0.16936,0.16936
10.1,0.015822,0.0352,0.01624,0.090483,0.16321,0.16321
10.2,0.021561,0.040732,0.023024,0.095535,0.16062,0.16062
10.3,0.0068966,0.035061,0.0155,0.098509,0.15217,0.15217
10.4,0.0085725,0.035675,0.011955,0.09289,0.15179,0.15179
10.5,0.014222,0.039961,0.0083429,0.098504,0.14458,0.14458
10.6,0.0093254,0.029454,0.0041281,0.10891,0.1357,0.1357
10.7,0.015588,0.030404,0.0067081,0.12264,0.1278,0.1278
10.8,0.027431,0.028397,0.018069,0.13765,0.1279,0.1279
10.9,0.010034,0.030811,0.026374,0.15609,0.12477,0.12477
11,0.020619,0.036074,0.029216,0.17786,0.12773,0.12773
11.1,0.022683,0.042597,0.027234,0.19678,0.11873,0.11873
11.2,0.019945,0.042645,0.021452,0.18927,0.1237,0.1237
11.3,0.025217,0.039851,0.030306,0.20885,0.11775,0.11775
11.4,0.017887,0.028537,0.029937,0.22507,0.097615,0.097615
11.5,0.023985,0.039894,0.042716,0.23902,0.10989,0.10989
11.6,0.025259,0.019602,0.048789,0.24944,0.088949,0.088949
11.7,0.024201,0.021981,0.053472,0.25765,0.075018,0.075018
11.8,0.019745,0.026834,0.054747,0.28212,0.082439,0.082439
11.9,0.019929,0.023965,0.057887,0.29444,0.081786,0.081786
12,0.036814,0.024815,0.060379,0.32602,0.06412,0.06412
12.1,0.031426,0.019308,0.051374,0.35172,0.078683,0.078683
12.2,0.046955,0.011604,0.052077,0.35579,0.06924,0.06924
12.3,0.071646,0.0061391,0.044441,0.37692,0.056969,0.056969
12.4,0.070781,0.017534,0.042032,0.38652,0.075375,0.075375
12.5,0.061211,0.015822,0.045778,0.40666,0.049479,0.049479
12.6,0.052198,0.022499,0.060558,0.41905,0.052757,0.052757
12.7,0.049886,0.019961,0.067843,0.41729,0.055527,0.055527
12.8,0.048817,0.018963,0.085592,0.43295,0.049689,0.049689
12.9,0.053023,0.026199,0.089483,0.43367,0.045175,0.045175
13,0.041656,0.021398,0.088097,0.43179,0.048776,0.048776
13.1,0.034566,0.032465,0.075488,0.42496,0.042108,0.042108
13.2,0.0303,0.040886,0.073211,0.41878,0.059042,0.059042
13.3,0.018463,0.031701,0.083293,0.4143,0.053805,0.053805
13.4,0.03256,0.043386,0.088346,0.41175,0.07404,0.07404
13.5,0.029053,0.03521,0.096428,0.4161,0.08298,0.08298
13.6,0.018721,0.034324,0.097486,0.40742,0.095439,0.095439
13.7,0.018656,0.032883,0.099603,0.40783,0.11466,0.11466
13.8,0.028951,0.024306,0.11584,0.3973,0.13279,0.13279
13.9,0.031813,0.017681,0.11406,0.38708,0.14427,0.14427
14,0.040024,0.024367,0.098412,0.38545,0.17437,0.17437
14.1,0.0448,0.029471,0.09208,0.38208,0.17866,0.17866
14.2,0.045571,0.025253,0.10302,0.37662,0.19734,0.19734
14.3,0.05709,0.024332,0.12087,0.36757,0.19333,0.19333
14.4,0.04335,0.031075,0.14205,0.35752,0.1944,0.1944
14.5,0.044645,0.037479,0.15005,0.346,0.18628,0.18628
14.6,0.030697,0.031525,0.14094,0.3386,0.20402,0.20402
14.7,0.04539,0.026032,0.12689,0.30808,0.17988,0.17988
14.8,0.037486,0.038358,0.12031,0.31047,0.16395,0.16395
14.9,0.036446,0.0318,0.1086,0.31862,0.17542,0.17542
15,0.024679,0.032801,0.12782,0.30746,0.16003,0.16003
15.1,0.027834,0.030562,0.12445,0.32334,0.16491,0.16491
15.2,0.022356,0.020843,0.11715,0.32547,0.15766,0.15766
15.3,0.032455,0.035543,0.099994,0.33015,0.15576,0.15576
15.4,0.031635,0.018863,0.094975,0.3496,0.13393,0.13393
15.5,0.02505,0.021443,0.092974,0.35724,0.14639,0.14639
15.6,0.015021,0.028256,0.087156,0.37147,0.133,0.133
15.7,0.027949,0.020649,0.09789,0.37526,0.12323,0.12323
15.8,0.030083,0.0099938,0.11319,0.37699,0.14286,0.14286
15.9,0.014395,0.0077241,0.10445,0.37499,0.13982,0.13982
16,0.016259,0.019029,0.10081,0.37294,0.15177,0.15177
16.1,0.021283,0.019996,0.076827,0.36727,0.14467,0.14467
16.2,0.027723,0.02134,0.078329,0.38035,0.14416,0.14416
16.3,0.029433,0.032912,0.10391,0.36392,0.13694,0.13694
16.4,0.01357,0.032207,0.13078,0.3748,0.11671,0.11671
16.5,0.023258,0.020218,0.16407,0.39109,0.12688,0.12688
16.6,0.024527,0.02093,0.15696,0.41182,0.11793,0.11793
16.7,0.033715,0.021986,0.15663,0.43655,0.10626,0.10626
16.8,0.014641,0.01758,0.1399,0.45377,0.10521,0.10521
16.9,0.029678,0.0091475,0.13333,0.45397,0.096011,0.096011
17,0.022364,0.0067686,0.11453,0.46569,0.083736,0.083736
17.1,0.012696,0.0011888,0.16864,0.4603,0.089788,0.089788
17.2,0.020591,0.00099308,0.20078,0.4412,0.086794,0.086794
17.3,0.024353,0.0013644,0.21506,0.45439,0.076661,0.076661
17.4,0.029102,0.00090973,0.20915,0.43185,0.077498,0.077498
17.5,0.017133,-0.0016444,0.21953,0.43374,0.088332,0.088332
17.6,0.023961,0.001423,0.19278,0.43422,0.066749,0.066749
17.7,0.035443,-0.0069094,0.16108,0.42024,0.051654,0.051654
17.8,0.044447,9.3975e-05,0.16332,0.42041,0.065093,0.065093
17.9,0.039285,0.00062437,0.14969,0.44225,0.059883,0.059883
18,0.038362,-0.0080755,0.14392,0.45299,0.058427,0.058427
18.1,0.04337,-0.00030615,0.1458,0.44565,0.071039,0.071039
18.2,0.056326,0.0061304,0.12367,0.45871,0.071387,0.071387
18.3,0.094762,-0.0072915,0.14048,0.47509,0.063243,0.063243
18.4,0.15463,0.012103,0.13264,0.47037,0.090111,0.090111
18.5,0.15321,5.7435e-05,0.12285,0.46648,0.095296,0.095296
18.6,0.14468,-0.00061974,0.10113,0.44644,0.10593,0.10593
18.7,0.13154,0.012042,0.1087,0.46328,0.12238,0.12238
18.8,0.11124,-0.00042998,0.093937,0.46663,0.12347,0.12347
18.9,0.08776,0.0049661,0.11246,0.45276,0.12926,0.12926
19,0.099423,0.01377,0.12135,0.47001,0.13174,0.13174
19.1,0.11424,0.0048414,0.10376,0.44757,0.14739,0.14739
19.2,0.11379,0.016631,0.099935,0.45195,0.15871,0.15871
19.3,0.1066,0.027352,0.090912,0.44298,0.16668,0.16668
19.4,0.084944,0.033215,0.10991,0.4289,0.18591,0.18591
19.5,0.079295,0.025526,0.090887,0.43083,0.18392,0.18392
19.6,0.064392,0.034112,0.074402,0.41799,0.18852,0.18852
19.7,0.064274,0.032984,0.070192,0.41879,0.20375,0.20375
19.8,0.059355,0.029491,0.081544,0.4059,0.20441,0.20441
19.9,0.051575,0.021911,0.082496,0.40377,0.22281,0.22281
20,0.040582,0.019905,0.10606,0.39544,0.24503,0.24503
20.1,0.037481,0.031786,0.10102,0.37242,0.26865,0.26865
20.2,0.027195,0.024632,0.11411,0.38196,0.26258,0.26258
20.3,0.034612,0.02783,0.12074,0.37267,0.25352,0.25352
20.4,0.03447,0.030601,0.11682,0.37185,0.277,0.277
20.5,0.037236,0.025102,0.12511,0.37221,0.26314,0.26314
20.6,0.040193,0.012696,0.14096,0.36099,0.26029,0.26029
20.7,0.039581,0.018452,0.15876,0.37614,0.25735,0.25735
20.8,0.047915,0.021611,0.15513,0.3703,0.23888,0.23888
20.9,0.03791,0.029504,0.1506,0.38262,0.23704,0.23704
21,0.034322,0.013523,0.1539,0.37065,0.2417,0.2417
21.1,0.040071,0.0087619,0.16111,0.38127,0.22883,0.22883
21.2,0.033362,0.013612,0.18441,0.37621,0.20896,0.20896
21.3,0.040709,0.014537,0.20303,0.39675,0.21926,0.21926
21.4,0.040062,0.013343,0.2352,0.39566,0.20634,0.20634
21.5,0.049419,0.01281,0.22892,0.38643,0.2027,0.2027
21.6,0.041917,0.009697,0.1889,0.39517,0.20523,0.20523
21.7,0.055481,0.015777,0.16461,0.39621,0.20318,0.20318
21.8,0.068491,0.013155,0.16998,0.38644,0.19707,0.19707
21.9,0.055646,0.008871,0.16271,0.40433,0.1889,0.1889
22,0.062731,0.0095879,0.15086,0.40815,0.18917,0.18917
22.1,0.044552,0.012757,0.14356,0.42243,0.18707,0.18707
22.2,0.043287,0.0098805,0.13743,0.42759,0.17351,0.17351
22.3,0.03768,0.018448,0.14231,0.44933,0.18544,0.18544
22.4,0.044178,0.01126,0.13813,0.45616,0.17212,0.17212
22.5,0.040352,0.0056263,0.12987,0.47145,0.18109,0.18109
22.6,0.039082,0.013089,0.1346,0.47725,0.17336,0.17336
22.7,0.031212,0.020403,0.12567,0.49689,0.18122,0.18122
22.8,0.039243,0.014322,0.1243,0.499,0.18722,0.18722
22.9,0.048397,0.018043,0.13862,0.51695,0.19513,0.19513
23,0.038067,0.0078431,0.13857,0.5422,0.19125,0.19125
23.1,0.022253,0.021145,0.1578,0.5474,0.18396,0.18396
23.2,0.014084,0.021741,0.17078,0.56583,0.19338,0.19338
23.3,0.0085498,0.026938,0.20342,0.56547,0.17695,0.17695
23.4,0.014596,0.018355,0.2494,0.56256,0.17398,0.17398
23.5,0.0003997,0.028558,0.27022,0.58084,0.1901,0.1901
23.6,0.011876,0.02211,0.25622,0.57674,0.17472,0.17472
23.7,0.02727,0.025826,0.25265,0.57402,0.15963,0.15963
23.8,0.0028839,0.035935,0.24594,0.58778,0.15979,0.15979
23.9,-0.0020153,0.038209,0.22116,0.58873,0.16346,0.16346
24,0.0022847,0.029571,0.20917,0.57781,0.15594,0.15594
24.1,-0.0011029,0.033117,0.18634,0.59251,0.1446,0.1446
24.2,-0.014778,0.020742,0.17334,0.59376,0.15259,0.15259
24.3,-0.029606,0.030549,0.18101,0.59543,0.15662,0.15662
24.4,-0.037842,0.01908,0.17726,0.61511,0.16499,0.16499
24.5,-0.025854,0.030506,0.19041,0.61184,0.174,0.174
24.6,-0.020908,0.015625,0.21001,0.61021,0.16985,0.16985
24.7,-0.023023,0.025028,0.22415,0.62237,0.18654,0.18654
24.8,-0.057513,0.014727,0.23138,0.61718,0.1928,0.1928
24.9,-0.069407,0.0086266,0.22595,0.60984,0.18422,0.18422
25,-0.058217,0.016843,0.21733,0.60192,0.22059,0.22059
25.1,-0.066329,0.0163,0.22315,0.60156,0.23458,0.23458
25.2,-0.053892,0.0086945,0.31312,0.58347,0.23701,0.23701
25.3,-0.051852,0.018675,0.37795,0.57738,0.2632,0.2632
25.4,-0.059556,0.0026769,0.4053,0.57898,0.25278,0.25278
25.5,-0.065656,0.0068343,0.43113,0.56047,0.26247,0.26247
25.6,-0.056638,0.0091115,0.424,0.54994,0.25736,0.25736
25.7,-0.066157,-0.0049229,0.39158,0.53819,0.26904,0.26904
25.8,-0.056528,-0.006295,0.37827,0.51735,0.27445,0.27445
25.9,-0.063099,-0.0056775,0.34907,0.50111,0.30014,0.30014
26,-0.053541,-0.010492,0.34761,0.5132,0.32516,0.32516
26.1,-0.058117,-0.0027381,0.32632,0.48122,0.35082,0.35082
26.2,-0.046701,-0.0037224,0.32162,0.48474,0.36738,0.36738
26.3,-0.043104,-0.0053741,0.29641,0.48246,0.39116,0.39116
26.4,-0.042781,-0.0027289,0.26274,0.46777,0.39648,0.39648
26.5,-0.035916,0.0061061,0.26631,0.47609,0.41187,0.41187
26.6,-0.044873,0.00062277,0.24929,0.47153,0.41817,0.41817
26.7,-0.033742,0.0054115,0.23165,0.4812,0.41143,0.41143
26.8,-0.042904,0.011903,0.22769,0.4829,0.4164,0.4164
26.9,-0.04435,0.020157,0.24479,0.47332,0.39677,0.39677
27,-0.033649,0.022182,0.30217,0.47212,0.39429,0.39429
27.1,-0.036932,0.019852,0.32359,0.49584,0.37906,0.37906
27.2,-0.032045,0.028227,0.3163,0.47012,0.37257,0.37257
27.3,-0.028898,0.020613,0.32577,0.47582,0.35714,0.35714
27.4,-0.021112,0.03394,0.3077,0.46594,0.34686,0.34686
27.5,-0.034004,0.021004,0.28989,0.43547,0.34418,0.34418
27.6,-0.013025,0.028705,0.26364,0.45275,0.33197,0.33197
27.7,-0.01931,0.024175,0.25401,0.45377,0.32225,0.32225
27.8,0.0061442,0.015515,0.23571,0.43137,0.32578,0.32578
27.9,0.0023417,0.03243,0.23343,0.42135,0.32848,0.32848
28,0.013895,0.032757,0.24823,0.41576,0.32754,0.32754
28.1,0.025443,0.021454,0.26475,0.40265,0.33394,0.33394
28.2,0.039392,0.0074303,0.26452,0.4106,0.34582,0.34582
28.3,0.031215,0.016049,0.2942,0.40523,0.3535,0.3535
28.4,0.034971,0.024853,0.2963,0.38702,0.32786,0.32786
28.5,0.028917,0.028023,0.29877,0.39957,0.33107,0.33107
28.6,0.041768,0.015672,0.2799,0.40274,0.32016,0.32016
28.7,0.083253,0.016614,0.27322,0.40223,0.31329,0.31329
28.8,0.10605,0.016638,0.26949,0.40808,0.30924,0.30924
28.9,0.11835,0.023388,0.26061,0.41022,0.30058,0.30058
29,0.11239,0.015285,0.2526,0.40222,0.27097,0.27097
29.1,0.13071,0.020779,0.25402,0.40451,0.27094,0.27094
29.2,0.1302,0.02212,0.22971,0.42093,0.27134,0.27134
29.3,0.15448,0.01662,0.22319,0.41475,0.25662,0.25662
29.4,0.16612,0.028448,0.21293,0.42163,0.25026,0.25026
29.5,0.18942,0.019458,0.21241,0.42804,0.2447,0.2447
29.6,0.1667,0.023061,0.20208,0.43491,0.24477,0.24477
29.7,0.16092,0.026552,0.20132,0.4618,0.24204,0.24204
29.8,0.15073,0.034117,0.19381,0.45884,0.22645,0.22645
29.9,0.1631,0.034772,0.19124,0.44808,0.23949,0.23949
30,0.17413,0.025362,0.19592,0.45743,0.24661,0.24661
30.1,0.17846,0.026802,0.18469,0.45522,0.25259,0.25259
30.2,0.18116,0.029858,0.18923,0.45602,0.26632,0.26632
30.3,0.18588,0.031834,0.18607,0.4635,0.28473,0.28473
30.4,0.18469,0.025182,0.21014,0.47318,0.26665,0.26665
30.5,0.19438,0.02928,0.23785,0.46019,0.27494,0.27494
30.6,0.18777,0.026404,0.23666,0.45988,0.277,0.277
30.7,0.20658,0.018688,0.2379,0.4531,0.27201,0.27201
30.8,0.20087,0.024441,0.2307,0.45752,0.27539,0.27539
30.9,0.22464,0.042354,0.2081,0.44499,0.25375,0.25375
31,0.23334,0.071482,0.22026,0.46837,0.26707,0.26707
31.1,0.24225,0.068413,0.20567,0.47798,0.25084,0.25084
31.2,0.25095,0.0099367,0.20385,0.48527,0.26359,0.26359
31.3,0.23793,-0.0039777,0.21411,0.51094,0.26835,0.26835
31.4,0.24907,0.0057904,0.21031,0.50874,0.28592,0.28592
31.5,0.23291,0.043415,0.2354,0.51951,0.30212,0.30212
31.6,0.25826,0.020265,0.27062,0.52555,0.28698,0.28698
31.7,0.25175,0.010304,0.26869,0.51557,0.31015,0.31015
31.8,0.26356,0.027921,0.2755,0.5279,0.30307,0.30307
31.9,0.29925,0.046184,0.26515,0.53127,0.28796,0.28796
32,0.34274,0.037573,0.26762,0.51651,0.27375,0.27375
32.1,0.34655,0.036567,0.2526,0.52437,0.2885,0.2885
32.2,0.37083,0.038631,0.24368,0.50021,0.27569,0.27569
32.3,0.35388,0.030401,0.2392,0.49701,0.25536,0.25536
32.4,0.36639,0.019885,0.23845,0.49968,0.2591,0.2591
32.5,0.38304,0.021555,0.23002,0.47402,0.25166,0.25166
32.6,0.39259,0.033823,0.24674,0.48049,0.24168,0.24168
32.7,0.40964,0.041036,0.25634,0.48617,0.2298,0.2298
32.8,0.39232,0.04724,0.28489,0.465,0.22745,0.22745
32.9,0.38611,0.054026,0.2931,0.48075,0.22604,0.22604
33,0.41326,0.055225,0.28019,0.47838,0.21315,0.21315
33.1,0.41916,0.045203,0.28593,0.46561,0.20978,0.20978
33.2,0.43051,0.036161,0.2733,0.46738,0.19449,0.19449
33.3,0.43716,0.045715,0.28572,0.46689,0.20595,0.20595
33.4,0.44061,0.069323,0.28897,0.46418,0.20066,0.20066
33.5,0.44707,0.076477,0.30833,0.45807,0.18605,0.18605
33.6,0.43207,0.092471,0.31721,0.45511,0.17228,0.17228
33.7,0.42318,0.090263,0.33787,0.44998,0.18165,0.18165
33.8,0.41518,0.083615,0.34776,0.45895,0.18203,0.18203
33.9,0.40678,0.095331,0.33856,0.47686,0.16744,0.16744
34,0.39745,0.097858,0.36256,0.47478,0.16625,0.16625
34.1,0.39111,0.12178,0.42216,0.47058,0.19412,0.19412
34.2,0.37443,0.12064,0.48893,0.49353,0.18955,0.18955
34.3,0.37645,0.11639,0.52668,0.49318,0.17983,0.17983
34.4,0.37729,0.1067,0.51535,0.47568,0.17911,0.17911
34.5,0.3729,0.11311,0.54018,0.49791,0.19387,0.19387
34.6,0.35964,0.10603,0.54585,0.5127,0.20576,0.20576
34.7,0.35464,0.11936,0.55486,0.4985,0.21728,0.21728
34.8,0.34684,0.12255,0.53667,0.50819,0.23118,0.23118
34.9,0.35724,0.15328,0.49696,0.54139,0.23583,0.23583
35,0.34381,0.13554,0.4228,0.607,0.25295,0.25295
35.1,0.34129,0.134,0.42785,0.63573,0.26767,0.26767
35.2,0.33569,0.13908,0.41101,0.6536,0.27023,0.27023
35.3,0.31614,0.15759,0.40482,0.67691,0.27044,0.27044
35.4,0.32124,0.16587,0.37481,0.68066,0.27845,0.27845
35.5,0.30739,0.16916,0.35938,0.67537,0.28711,0.28711
35.6,0.32387,0.17627,0.33465,0.6715,0.27608,0.27608
35.7,0.32491,0.18652,0.32609,0.68411,0.27443,0.27443
35.8,0.32836,0.17583,0.31602,0.68844,0.28655,0.28655
35.9,0.33955,0.1572,0.29492,0.668,0.28904,0.28904
36,0.31004,0.18261,0.31079,0.66504,0.31912,0.31912
36.1,0.36631,0.19695,0.33457,0.67784,0.33101,0.33101
36.2,0.40168,0.20532,0.3518,0.65957,0.37667,0.37667
36.3,0.44174,0.23402,0.35316,0.64973,0.39199,0.39199
36.4,0.49209,0.25486,0.34344,0.65518,0.41814,0.41814
36.5,0.51445,0.28867,0.33128,0.66267,0.44532,0.44532
36.6,0.52892,0.3177,0.31019,0.63743,0.46459,0.46459
36.7,0.54291,0.3324,0.31305,0.65227,0.47146,0.47146
36.8,0.54226,0.34239,0.31445,0.65132,0.4825,0.4825
36.9,0.55437,0.35634,0.32604,0.64434,0.47853,0.47853
37,0.55444,0.33477,0.32507,0.62832,0.48262,0.48262
37.1,0.54574,0.31944,0.32958,0.64399,0.46338,0.46338
37.2,0.56991,0.32214,0.3322,0.65491,0.4622,0.4622
37.3,0.59757,0.33835,0.32609,0.63083,0.4561,0.4561
37.4,0.67676,0.33286,0.31229,0.6444,0.44466,0.44466
37.5,0.71775,0.3337,0.29251,0.63573,0.44715,0.44715
37.6,0.76917,0.33105,0.29318,0.62025,0.45236,0.45236
37.7,0.78538,0.33023,0.28841,0.63015,0.43169,0.43169
37.8,0.79411,0.33662,0.28673,0.62566,0.4172,0.4172
37.9,0.78898,0.31882,0.29667,0.61475,0.41667,0.41667
38,0.78597,0.31561,0.30518,0.61366,0.40359,0.40359
38.1,0.76621,0.30006,0.29766,0.61197,0.38868,0.38868
38.2,0.76302,0.30648,0.29144,0.60121,0.40018,0.40018
38.3,0.72706,0.30128,0.28648,0.60285,0.39189,0.39189
38.4,0.72223,0.29953,0.30311,0.59738,0.40073,0.40073
38.5,0.69952,0.28753,0.31686,0.60184,0.40989,0.40989
38.6,0.67511,0.29926,0.33484,0.59922,0.41549,0.41549
38.7,0.65793,0.27806,0.34805,0.61579,0.43936,0.43936
38.8,0.63931,0.28714,0.3399,0.63545,0.43872,0.43872
38.9,0.63588,0.29833,0.33865,0.63252,0.43324,0.43324
39,0.60193,0.30457,0.33127,0.64869,0.43296,0.43296
39.1,0.59299,0.3072,0.3275,0.67531,0.41401,0.41401
39.2,0.57599,0.32435,0.31309,0.67792,0.40504,0.40504
39.3,0.56641,0.3221,0.31014,0.69243,0.40823,0.40823
39.4,0.54558,0.31437,0.3392,0.72587,0.3862,0.3862
39.5,0.54698,0.31867,0.38531,0.74109,0.36556,0.36556
39.6,0.53527,0.31925,0.40125,0.7447,0.36101,0.36101
39.7,0.50598,0.31457,0.39979,0.78765,0.36097,0.36097
39.8,0.5038,0.30176,0.40184,0.82476,0.33894,0.33894
39.9,0.48042,0.31259,0.38486,0.84276,0.33526,0.33526
40,0.49188,0.31768,0.36457,0.88413,0.32677,0.32677
40.1,0.47448,0.32456,0.3495,0.92093,0.34185,0.34185
40.2,0.46942,0.32545,0.34125,0.93649,0.33517,0.33517
40.3,0.46658,0.32611,0.33751,0.9424,0.32737,0.32737
40.4,0.446,0.33976,0.32827,0.99579,0.3289,0.3289
40.5,0.45048,0.3272,0.33671,1.0211,0.33613,0.33613
40.6,0.44629,0.31284,0.33887,1.0259,0.34062,0.34062
40.7,0.45873,0.32036,0.32707,1.0532,0.31892,0.31892
40.8,0.45432,0.33455,0.34849,1.0548,0.30925,0.30925
40.9,0.44116,0.36697,0.37035,1.0441,0.31401,0.31401
41,0.48116,0.37689,0.39686,1.0479,0.31613,0.31613
41.1,0.49677,0.41269,0.42312,1.0538,0.30406,0.30406
41.2,0.50039,0.42987,0.42712,1.0385,0.30363,0.30363
41.3,0.55953,0.42741,0.44059,1.0328,0.29157,0.29157
41.4,0.59482,0.44385,0.46881,1.0255,0.29775,0.29775
41.5,0.64788,0.44379,0.46466,1.0136,0.29047,0.29047
41.6,0.64755,0.44052,0.45214,1.0226,0.27835,0.27835
41.7,0.66689,0.432,0.44339,1.0126,0.26691,0.26691
41.8,0.66699,0.42833,0.44486,0.99234,0.27978,0.27978
41.9,0.6807,0.42298,0.44848,0.99036,0.25844,0.25844
42,0.67038,0.41637,0.4181,0.98028,0.25492,0.25492
42.1,0.67544,0.41273,0.41946,0.94842,0.25758,0.25758
42.2,0.66098,0.39709,0.43688,0.94424,0.26165,0.26165
42.3,0.69149,0.40574,0.47965,0.92177,0.24677,0.24677
42.4,0.67969,0.41841,0.53242,0.89414,0.24685,0.24685
42.5,0.68857,0.41906,0.54485,0.88926,0.26853,0.26853
42.6,0.68704,0.42967,0.55373,0.87101,0.2704,0.2704
42.7,0.67334,0.44227,0.53859,0.83869,0.288,0.288
42.8,0.66982,0.45674,0.5126,0.82976,0.32154,0.32154
42.9,0.66717,0.44482,0.48407,0.82434,0.32795,0.32795
43,0.64366,0.44837,0.46406,0.80323,0.3756,0.3756
43.1,0.67021,0.43115,0.44936,0.79851,0.4094,0.4094
43.2,0.65397,0.43872,0.42223,0.80948,0.42726,0.42726
43.3,0.66818,0.45525,0.40551,0.80536,0.44672,0.44672
43.4,0.67277,0.46702,0.39979,0.78913,0.47364,0.47364
43.5,0.662,0.48081,0.3888,0.81714,0.47789,0.47789
43.6,0.68522,0.49126,0.37185,0.8293,0.5082,0.5082
43.7,0.72133,0.50809,0.37357,0.80892,0.51358,0.51358
43.8,0.75492,0.53278,0.3744,0.82272,0.53312,0.53312
43.9,0.78758,0.5376,0.36986,0.83271,0.53371,0.53371
44,0.78363,0.53042,0.36697,0.82022,0.54037,0.54037
44.1,0.80244,0.54436,0.37512,0.80825,0.54189,0.54189
44.2,0.7997,0.56111,0.42363,0.83235,0.53367,0.53367
44.3,0.80416,0.5698,0.46807,0.85681,0.54747,0.54747
44.4,0.80745,0.566,0.49745,0.88318,0.52495,0.52495
44.5,0.81592,0.56644,0.50411,0.90647,0.50958,0.50958
44.6,0.81913,0.5667,0.49828,0.91989,0.4957,0.4957
44.7,0.82121,0.54371,0.50783,0.93097,0.50836,0.50836
44.8,0.80302,0.54769,0.51542,0.95618,0.49992,0.49992
44.9,0.82664,0.53584,0.56238,0.97627,0.48382,0.48382
45,0.80729,0.51898,0.55728,0.97791,0.46192,0.46192
45.1,0.81187,0.52288,0.54679,0.98058,0.46583,0.46583
45.2,0.797,0.53084,0.52115,0.98567,0.45816,0.45816
45.3,0.78749,0.53976,0.50164,0.96256,0.44031,0.44031
45.4,0.7685,0.5356,0.48922,0.96248,0.41955,0.41955
45.5,0.76372,0.54946,0.47749,0.95841,0.43324,0.43324
45.6,0.74751,0.55199,0.47476,0.93753,0.41685,0.41685
45.7,0.74081,0.56006,0.45313,0.93265,0.39574,0.39574
45.8,0.73114,0.55505,0.45225,0.92978,0.38109,0.38109
45.9,0.71536,0.56175,0.43448,0.91631,0.38499,0.38499
46,0.71871,0.55959,0.42965,0.91509,0.37147,0.37147
46.1,0.70429,0.56481,0.41543,0.90712,0.36345,0.36345
46.2,0.73108,0.56323,0.40247,0.89338,0.35262,0.35262
46.3,0.73884,0.57106,0.37894,0.90059,0.37428,0.37428
46.4,0.74211,0.5815,0.36898,0.88647,0.36174,0.36174
46.5,0.76557,0.58367,0.3597,0.86898,0.36175,0.36175
46.6,0.76505,0.57239,0.35957,0.88576,0.368,0.368
46.7,0.78464,0.57516,0.35349,0.87611,0.36252,0.36252
46.8,0.78132,0.57317,0.36044,0.86226,0.36412,0.36412
46.9,0.76475,0.5795,0.39954,0.8677,0.36082,0.36082
47,0.78863,0.57786,0.4447,0.85152,0.38577,0.38577
47.1,0.77392,0.56453,0.49876,0.83543,0.39332,0.39332
47.2,0.77985,0.55976,0.50993,0.83271,0.40455,0.40455
47.3,0.76398,0.55214,0.51305,0.84708,0.42021,0.42021
47.4,0.75698,0.53883,0.50189,0.83608,0.44847,0.44847
47.5,0.75139,0.54334,0.48191,0.86908,0.45696,0.45696
47.6,0.73825,0.5374,0.46471,0.88196,0.49307,0.49307
47.7,0.71223,0.54196,0.45646,0.8843,0.49692,0.49692
47.8,0.70985,0.54867,0.47034,0.90864,0.51215,0.51215
47.9,0.6995,0.54802,0.51665,0.91669,0.50479,0.50479
48,0.6871,0.55019,0.52772,0.91055,0.52868,0.52868
48.1,0.69199,0.55374,0.56652,0.94451,0.51986,0.51986
48.2,0.67837,0.54591,0.60078,0.95554,0.51031,0.51031
48.3,0.70644,0.55546,0.57489,0.9711,0.49306,0.49306
48.4,0.72022,0.55498,0.56152,0.97546,0.49694,0.49694
48.5,0.7407,0.54955,0.54024,1.013,0.48703,0.48703
48.6,0.75182,0.54025,0.5409,1.0302,0.46601,0.46601
48.7,0.74358,0.53442,0.52858,1.0352,0.46,0.46
48.8,0.75425,0.53024,0.53363,1.0657,0.4658,0.4658
48.9,0.75027,0.52924,0.54156,1.0774,0.47151,0.47151
49,0.76043,0.52333,0.5281,1.0888,0.44081,0.44081
49.1,0.76958,0.521,0.52552,1.117,0.45561,0.45561
49.2,0.78125,0.53641,0.52395,1.1155,0.4584,0.4584
49.3,0.82511,0.53786,0.51247,1.0883,0.47128,0.47128
49.4,0.86966,0.54216,0.51754,1.1045,0.50158,0.50158
49.5,0.89616,0.55082,0.50681,1.0857,0.51846,0.51846
49.6,0.95195,0.55748,0.49489,1.0702,0.548,0.548
49.7,0.96759,0.56669,0.47623,1.0684,0.5539,0.5539
49.8,1.0141,0.55628,0.45376,1.0502,0.57391,0.57391
49.9,1.0526,0.56961,0.42359,1.0199,0.56634,0.56634
50,1.085,0.55315,0.40871,1.0245,0.57223,0.57223
50.1,1.1313,0.55161,0.3933,1.0145,0.56422,0.56422
50.2,1.1404,0.55329,0.37973,0.9764,0.53885,0.53885
50.3,1.1806,0.54813,0.38039,0.97888,0.54798,0.54798
50.4,1.1811,0.55188,0.38978,0.95521,0.52665,0.52665
50.5,1.1871,0.55197,0.38296,0.93344,0.5109,0.5109
50.6,1.1694,0.53816,0.40784,0.923,0.49165,0.49165
50.7,1.1516,0.53676,0.40452,0.92446,0.48928,0.48928
50.8,1.1576,0.53854,0.4086,0.93299,0.47174,0.47174
50.9,1.1454,0.55248,0.41042,0.91378,0.48386,0.48386
51,1.1225,0.55901,0.41665,0.9341,0.49153,0.49153
51.1,1.0926,0.5477,0.41698,0.9446,0.49187,0.49187
51.2,1.0804,0.55495,0.40107,0.94132,0.47748,0.47748
51.3,1.0527,0.54591,0.40176,0.94325,0.49392,0.49392
51.4,1.0398,0.55122,0.38466,0.94787,0.48729,0.48729
51.5,1.0117,0.5532,0.38081,0.94069,0.47438,0.47438
51.6,0.98061,0.55821,0.36405,0.9236,0.4621,0.4621
51.7,0.97196,0.57516,0.34999,0.92438,0.46575,0.46575
51.8,0.95274,0.58537,0.34987,0.91165,0.45737,0.45737
51.9,0.93497,0.59555,0.33821,0.89652,0.44443,0.44443
52,0.89478,0.59736,0.33375,0.89545,0.43084,0.43084
52.1,0.87866,0.62108,0.33137,0.8998,0.43246,0.43246
52.2,0.86626,0.62799,0.32516,0.88898,0.42269,0.42269
52.3,0.83829,0.66515,0.35102,0.88955,0.39981,0.39981
52.4,0.84478,0.67511,0.34086,0.89011,0.39193,0.39193
52.5,0.81377,0.698,0.33841,0.8793,0.39006,0.39006
52.6,0.80372,0.70954,0.33371,0.89587,0.38283,0.38283
52.7,0.78705,0.72409,0.33013,0.89092,0.38542,0.38542
52.8,0.76804,0.73779,0.33159,0.87193,0.36604,0.36604
52.9,0.7853,0.73888,0.33405,0.88204,0.36479,0.36479
53,0.76656,0.74422,0.35796,0.87937,0.36946,0.36946
53.1,0.77304,0.74536,0.36345,0.85675,0.35183,0.35183
53.2,0.76284,0.73328,0.35171,0.83552,0.35431,0.35431
53.3,0.74427,0.74061,0.37209,0.83952,0.34433,0.34433
53.4,0.7633,0.7363,0.37069,0.83929,0.34961,0.34961
53.5,0.74266,0.7334,0.38274,0.82627,0.3448,0.3448
53.6,0.73831,0.73656,0.40785,0.84283,0.34102,0.34102
53.7,0.73664,0.7449,0.40175,0.85915,0.34501,0.34501
53.8,0.73087,0.75407,0.40352,0.86186,0.34329,0.34329
53.9,0.75721,0.74835,0.42347,0.88648,0.34962,0.34962
54,0.75478,0.75647,0.43513,0.91334,0.35036,0.35036
54.1,0.75418,0.75223,0.48136,0.9227,0.35624,0.35624
54.2,0.7813,0.74153,0.51669,0.93733,0.35376,0.35376
54.3,0.77028,0.74788,0.53991,0.95362,0.38846,0.38846
54.4,0.77277,0.74329,0.5284,0.95522,0.41206,0.41206
54.5,0.77337,0.73977,0.50042,0.95309,0.43562,0.43562
54.6,0.76486,0.73842,0.47189,0.97168,0.46802,0.46802
54.7,0.77465,0.7312,0.45552,0.99993,0.48434,0.48434
54.8,0.76144,0.74612,0.44116,1.0312,0.50352,0.50352
54.9,0.76494,0.76202,0.42003,1.086,0.50275,0.50275
55,0.76419,0.76704,0.39739,1.1188,0.51928,0.51928
55.1,0.75487,0.77465,0.39448,1.1284,0.52422,0.52422
55.2,0.78179,0.77783,0.40981,1.1623,0.51264,0.51264
55.3,0.78541,0.78146,0.46587,1.1815,0.52712,0.52712
55.4,0.78918,0.78737,0.52142,1.1697,0.51708,0.51708
55.5,0.8027,0.78307,0.52842,1.1731,0.51297,0.51297
55.6,0.80843,0.78084,0.52169,1.1728,0.50918,0.50918
55.7,0.80955,0.77527,0.50622,1.1545,0.48148,0.48148
55.8,0.83729,0.768,0.49238,1.1291,0.47077,0.47077
55.9,0.83899,0.74574,0.47806,1.129,0.46991,0.46991
56,0.84518,0.73776,0.45851,1.1146,0.46124,0.46124
56.1,0.85807,0.72524,0.43847,1.0917,0.4601,0.4601
56.2,0.83428,0.7214,0.42178,1.0859,0.44516,0.44516
56.3,0.84132,0.71622,0.39908,1.0846,0.43462,0.43462
56.4,0.84191,0.72447,0.39702,1.0726,0.43865,0.43865
56.5,0.84284,0.72116,0.3811,1.0469,0.43421,0.43421
56.6,0.87184,0.70485,0.39206,1.0517,0.41855,0.41855
56.7,0.88197,0.70498,0.38679,1.0658,0.41101,0.41101
56.8,0.88991,0.69506,0.42039,1.0591,0.40053,0.40053
56.9,0.88858,0.68391,0.40581,1.0703,0.40886,0.40886
57,0.90573,0.68727,0.40944,1.0732,0.39301,0.39301
57.1,0.90526,0.67197,0.40998,1.052,0.39445,0.39445
57.2,0.91811,0.65819,0.42928,1.0445,0.37881,0.37881
57.3,0.9174,0.65548,0.4459,1.0713,0.37135,0.37135
57.4,0.91486,0.64338,0.46839,1.0741,0.37663,0.37663
57.5,0.92524,0.64498,0.45505,1.0642,0.35898,0.35898
57.6,0.89585,0.64217,0.44172,1.093,0.34124,0.34124
57.7,0.90701,0.62583,0.44186,1.1281,0.34597,0.34597
57.8,0.89214,0.64647,0.43536,1.1643,0.35012,0.35012
57.9,0.90595,0.61798,0.44229,1.1987,0.3326,0.3326
58,0.90551,0.60831,0.4378,1.2354,0.33364,0.33364
58.1,0.94317,0.62496,0.45354,1.2587,0.34655,0.34655
58.2,0.94238,0.62982,0.43898,1.2817,0.33069,0.33069
58.3,0.93848,0.638,0.45444,1.301,0.33044,0.33044
58.4,0.94691,0.65432,0.4633,1.2988,0.3361,0.3361
58.5,0.95459,0.66756,0.45057,1.2979,0.35399,0.35399
58.6,0.96209,0.67166,0.43889,1.2913,0.35378,0.35378
58.7,0.96132,0.70053,0.42769,1.2925,0.36873,0.36873
58.8,0.96351,0.70319,0.40789,1.2815,0.35183,0.35183
58.9,0.958,0.71766,0.39871,1.2572,0.36191,0.36191
59,0.95883,0.72717,0.38011,1.252,0.37418,0.37418
59.1,0.94929,0.73231,0.38759,1.2344,0.35717,0.35717
59.2,0.95198,0.72151,0.42442,1.1962,0.36024,0.36024
59.3,0.95248,0.73964,0.45835,1.187,0.36499,0.36499
59.4,0.95804,0.72086,0.46969,1.1718,0.35814,0.35814
59.5,0.97614,0.72155,0.46815,1.1545,0.36648,0.36648
59.6,0.9888,0.71734,0.43938,1.1422,0.35979,0.35979
59.7,0.98825,0.72013,0.4303,1.1323,0.37775,0.37775
59.8,1.0242,0.71716,0.4217,1.1241,0.39601,0.39601
59.9,1.0305,0.71096,0.40331,1.0956,0.41455,0.41455
60,1.0771,0.70775,0.38133,1.1099,0.42357,0.42357
60.1,1.1283,0.7154,0.3917,1.0908,0.4233,0.4233
60.2,1.1368,0.71564,0.36602,1.0773,0.4455,0.4455
60.3,1.1456,0.71706,0.35741,1.0843,0.43669,0.43669
60.4,1.1549,0.71293,0.35505,1.0652,0.43083,0.43083
60.5,1.1624,0.71823,0.34586,1.0434,0.4239,0.4239
60.6,1.1729,0.72928,0.34305,1.043,0.43998,0.43998
60.7,1.1743,0.71551,0.35069,1.0332,0.42921,0.42921
60.8,1.1976,0.73961,0.39255,1.0006,0.43524,0.43524
60.9,1.1832,0.73504,0.4228,0.99621,0.45601,0.45601
61,1.1855,0.74954,0.42336,0.98511,0.46054,0.46054
61.1,1.1785,0.74369,0.40202,0.95847,0.44405,0.44405
61.2,1.1714,0.75714,0.40434,0.92687,0.45493,0.45493
61.3,1.171,0.74895,0.39169,0.92034,0.453,0.453
61.4,1.1491,0.75016,0.37962,0.9102,0.44162,0.44162
61.5,1.1439,0.75019,0.37445,0.89468,0.44929,0.44929
61.6,1.1337,0.75519,0.35975,0.90406,0.45045,0.45045
61.7,1.1285,0.74841,0.34117,0.91184,0.4478,0.4478
61.8,1.1131,0.74593,0.33257,0.89353,0.44693,0.44693
61.9,1.0944,0.77843,0.31963,0.886,0.46079,0.46079
62,1.0982,0.77896,0.31616,0.89279,0.4652,0.4652
62.1,1.0764,0.78451,0.29973,0.87971,0.48994,0.48994
62.2,1.091,0.78224,0.28349,0.87349,0.49682,0.49682
62.3,1.0833,0.7863,0.2815,0.88544,0.54497,0.54497
62.4,1.1081,0.77596,0.28016,0.88189,0.55173,0.55173
62.5,1.0975,0.75267,0.26636,0.86727,0.57469,0.57469
62.6,1.0914,0.76225,0.27643,0.88778,0.59411,0.59411
62.7,1.0906,0.76438,0.29247,0.89372,0.594,0.594
62.8,1.0791,0.77395,0.35419,0.8917,0.6072,0.6072
62.9,1.0919,0.80801,0.39171,0.87826,0.59126,0.59126
63,1.0751,0.83123,0.41727,0.88619,0.5947,0.5947
63.1,1.0905,0.84293,0.42652,0.8785,0.56963,0.56963
63.2,1.0883,0.85414,0.41828,0.88356,0.55763,0.55763
63.3,1.0956,0.86433,0.4234,0.90753,0.54471,0.54471
63.4,1.107,0.87363,0.40174,0.92371,0.53754,0.53754
63.5,1.1442,0.89087,0.38791,0.93,0.5198,0.5198
63.6,1.1616,0.88488,0.37613,0.96302,0.52123,0.52123
63.7,1.1657,0.88689,0.36845,0.97966,0.52451,0.52451
63.8,1.1924,0.88651,0.35205,0.99016,0.5207,0.5207
63.9,1.2141,0.86587,0.3497,1.0205,0.52002,0.52002
64,1.2387,0.86416,0.36844,1.0281,0.54994,0.54994
64.1,1.2557,0.86615,0.36821,1.0174,0.56967,0.56967
64.2,1.2689,0.87966,0.36471,1.03,0.59169,0.59169
64.3,1.2912,0.85429,0.43356,1.0287,0.58702,0.58702
64.4,1.2864,0.86833,0.4781,1.022,0.58704,0.58704
64.5,1.2927,0.86202,0.50522,1.0073,0.59577,0.59577
64.6,1.29,0.87415,0.52052,1.0296,0.59121,0.59121
64.7,1.3003,0.90436,0.51178,1.0418,0.57608,0.57608
64.8,1.2855,0.91683,0.48591,1.0284,0.58381,0.58381
64.9,1.275,0.93832,0.47965,1.042,0.57638,0.57638
65,1.2839,0.94219,0.55573,1.0866,0.58025,0.58025
65.1,1.2708,0.96004,0.59664,1.0932,0.57127,0.57127
65.2,1.2597,0.96327,0.59624,1.1205,0.56389,0.56389
65.3,1.2528,0.9682,0.58062,1.1402,0.56497,0.56497
65.4,1.2572,0.96246,0.56033,1.1745,0.55063,0.55063
65.5,1.2619,0.9591,0.53907,1.2224,0.54225,0.54225
65.6,1.2905,0.95102,0.49951,1.2634,0.53321,0.53321
65.7,1.2893,0.94219,0.46996,1.2863,0.53396,0.53396
65.8,1.303,0.93978,0.46989,1.3135,0.52709,0.52709
65.9,1.3473,0.92087,0.44419,1.3578,0.50805,0.50805
66,1.3906,0.92064,0.44599,1.3802,0.49736,0.49736
66.1,1.4129,0.90722,0.48158,1.3821,0.47323,0.47323
66.2,1.4286,0.90524,0.51532,1.3929,0.4869,0.4869
66.3,1.4473,0.88583,0.52665,1.4138,0.47035,0.47035
66.4,1.4479,0.87807,0.53222,1.4115,0.46807,0.46807
66.5,1.4739,0.87895,0.53064,1.4064,0.46926,0.46926
66.6,1.4567,0.86938,0.53384,1.4301,0.48797,0.48797
66.7,1.4544,0.8553,0.57858,1.4466,0.48319,0.48319
66.8,1.469,0.85744,0.63422,1.4585,0.48314,0.48314
66.9,1.4497,0.84899,0.64569,1.4796,0.47579,0.47579
67,1.4411,0.84852,0.6485,1.4867,0.48152,0.48152
67.1,1.4305,0.83791,0.61874,1.4989,0.48547,0.48547
67.2,1.4142,0.82887,0.60063,1.5037,0.47665,0.47665
67.3,1.4271,0.82887,0.57272,1.509,0.46997,0.46997
67.4,1.4066,0.82581,0.55517,1.5346,0.46548,0.46548
67.5,1.4279,0.81384,0.54051,1.5544,0.46376,0.46376
67.6,1.416,0.81609,0.51758,1.5749,0.46749,0.46749
67.7,1.43,0.81321,0.50909,1.591,0.45512,0.45512
67.8,1.4279,0.80153,0.5028,1.6056,0.45725,0.45725
67.9,1.4334,0.80169,0.46859,1.6169,0.4605,0.4605
68,1.4425,0.80259,0.45852,1.6231,0.44541,0.44541
68.1,1.4254,0.8042,0.43915,1.639,0.42866,0.42866
68.2,1.4328,0.81767,0.42127,1.6291,0.43869,0.43869
68.3,1.4059,0.82331,0.43463,1.606,0.44064,0.44064
68.4,1.3945,0.84538,0.43756,1.5984,0.4373,0.4373
68.5,1.3746,0.84627,0.44871,1.5937,0.43956,0.43956
68.6,1.363,0.85976,0.44424,1.5692,0.44022,0.44022
68.7,1.3464,0.85968,0.43228,1.5435,0.43782,0.43782
68.8,1.3221,0.87101,0.41951,1.5222,0.45817,0.45817
68.9,1.3094,0.87917,0.40923,1.4981,0.45291,0.45291
69,1.2836,0.88761,0.40248,1.4786,0.47257,0.47257
69.1,1.2682,0.90243,0.40648,1.4532,0.48372,0.48372
69.2,1.261,0.89876,0.41047,1.4381,0.49454,0.49454
69.3,1.2429,0.92127,0.41155,1.4162,0.48929,0.48929
69.4,1.2373,0.93104,0.42438,1.368,0.50404,0.50404
69.5,1.249,0.939,0.42923,1.3564,0.49971,0.49971
69.6,1.2424,0.94893,0.40611,1.35,0.50603,0.50603
69.7,1.2403,0.95669,0.39847,1.3154,0.50678,0.50678
69.8,1.2421,0.95623,0.39083,1.289,0.50362,0.50362
69.9,1.2566,0.96692,0.37894,1.258,0.49067,0.49067
70,1.2817,0.96342,0.40364,1.2372,0.48935,0.48935
70.1,1.2879,0.97389,0.42622,1.2246,0.48357,0.48357
70.2,1.3171,0.96519,0.47655,1.2218,0.48084,0.48084
70.3,1.3496,0.97493,0.52604,1.2171,0.48919,0.48919
70.4,1.353,0.96908,0.53832,1.1962,0.47704,0.47704
70.5,1.3632,0.96334,0.53561,1.2107,0.47892,0.47892
70.6,1.3616,0.95516,0.5425,1.2002,0.48154,0.48154
70.7,1.371,0.96019,0.53694,1.1819,0.49022,0.49022
70.8,1.366,0.95256,0.51282,1.1838,0.48523,0.48523
70.9,1.3869,0.9628,0.49753,1.1877,0.49687,0.49687
71,1.401,0.94937,0.47951,1.199,0.50414,0.50414
71.1,1.418,0.95428,0.44895,1.1776,0.50158,0.50158
71.2,1.4301,0.93579,0.43597,1.1917,0.51473,0.51473
71.3,1.4283,0.91228,0.41423,1.192,0.50322,0.50322
71.4,1.4371,0.90636,0.39199,1.1823,0.51506,0.51506
71.5,1.4195,0.90884,0.37684,1.1881,0.50047,0.50047
71.6,1.4003,0.89437,0.37395,1.1907,0.50158,0.50158
71.7,1.3761,0.88784,0.37286,1.1847,0.48796,0.48796
71.8,1.3549,0.89382,0.35877,1.1867,0.48216,0.48216
71.9,1.3577,0.90722,0.34289,1.2053,0.47131,0.47131
72,1.3294,0.9242,0.34035,1.1997,0.46126,0.46126
72.1,1.326,0.91695,0.34307,1.2095,0.45385,0.45385
72.2,1.2984,0.89899,0.40357,1.2328,0.45996,0.45996
72.3,1.3067,0.88977,0.38453,1.2454,0.44304,0.44304
72.4,1.2969,0.88518,0.41385,1.242,0.43422,0.43422
72.5,1.3048,0.87378,0.38519,1.2469,0.4228,0.4228
72.6,1.2925,0.87141,0.37387,1.2359,0.42295,0.42295
72.7,1.2841,0.86118,0.37238,1.2276,0.41995,0.41995
72.8,1.2871,0.84681,0.34442,1.2349,0.39613,0.39613
72.9,1.2719,0.84855,0.34932,1.2454,0.38669,0.38669
73,1.2863,0.83121,0.32356,1.2447,0.38846,0.38846
73.1,1.2737,0.82386,0.32376,1.2688,0.37933,0.37933
73.2,1.3087,0.81105,0.33118,1.2835,0.37529,0.37529
73.3,1.3022,0.79497,0.349,1.2798,0.36749,0.36749
73.4,1.3308,0.78275,0.3519,1.2732,0.36006,0.36006
73.5,1.335,0.7748,0.34967,1.2935,0.3537,0.3537
73.6,1.3677,0.76604,0.35113,1.3152,0.35381,0.35381
73.7,1.3713,0.75433,0.36171,1.339,0.34164,0.34164
73.8,1.3713,0.72397,0.418,1.3694,0.34901,0.34901
73.9,1.3864,0.70828,0.43864,1.3977,0.3517,0.3517
74,1.3836,0.69025,0.4849,1.4236,0.35671,0.35671
74.1,1.3917,0.69523,0.53099,1.418,0.35109,0.35109
74.2,1.3793,0.69745,0.55905,1.4357,0.35423,0.35423
74.3,1.4062,0.70677,0.56558,1.4377,0.35988,0.35988
74.4,1.4043,0.7286,0.55754,1.4199,0.3619,0.3619
74.5,1.4134,0.74101,0.53924,1.4227,0.35131,0.35131
74.6,1.418,0.76084,0.50691,1.4119,0.36625,0.36625
74.7,1.4293,0.75761,0.49892,1.372,0.36406,0.36406
74.8,1.444,0.77043,0.46965,1.3559,0.37102,0.37102
74.9,1.5247,0.77325,0.44747,1.3591,0.38204,0.38204
75,1.5654,0.77411,0.43013,1.3353,0.3992,0.3992
75.1,1.628,0.77747,0.41563,1.3181,0.40283,0.40283
75.2,1.6498,0.77402,0.38953,1.3193,0.41411,0.41411
75.3,1.6678,0.77291,0.37838,1.3011,0.41994,0.41994
75.4,1.687,0.77083,0.37041,1.2828,0.43957,0.43957
75.5,1.6919,0.75519,0.36238,1.2836,0.45136,0.45136
75.6,1.7191,0.75769,0.35076,1.2952,0.46081,0.46081
75.7,1.7276,0.74148,0.38963,1.3031,0.47117,0.47117
75.8,1.7559,0.74834,0.42638,1.3299,0.45193,0.45193
75.9,1.7458,0.74138,0.45086,1.3379,0.45706,0.45706
76,1.7468,0.73897,0.45888,1.3733,0.45946,0.45946
76.1,1.74,0.74344,0.45221,1.3815,0.45811,0.45811
76.2,1.7197,0.73322,0.43751,1.3895,0.44137,0.44137
76.3,1.7071,0.73955,0.45754,1.3827,0.45559,0.45559
76.4,1.6861,0.73139,0.44817,1.3831,0.44702,0.44702
76.5,1.6785,0.7394,0.4607,1.3901,0.45621,0.45621
76.6,1.6438,0.75252,0.45682,1.362,0.47455,0.47455
76.7,1.6356,0.7484,0.44742,1.3453,0.47946,0.47946
76.8,1.5947,0.76386,0.432,1.3523,0.50865,0.50865
76.9,1.5964,0.79322,0.41579,1.3347,0.51402,0.51402
77,1.5719,0.79541,0.38966,1.3083,0.5449,0.5449
77.1,1.5548,0.80456,0.39277,1.3062,0.55529,0.55529
77.2,1.5192,0.82263,0.36219,1.2993,0.56331,0.56331
77.3,1.5177,0.82621,0.37084,1.2746,0.59614,0.59614
77.4,1.5016,0.83256,0.36196,1.265,0.60107,0.60107
77.5,1.4878,0.84834,0.35359,1.256,0.61633,0.61633
77.6,1.4982,0.83778,0.34304,1.2523,0.6187,0.6187
77.7,1.483,0.84619,0.33656,1.2528,0.62178,0.62178
77.8,1.4926,0.84803,0.32046,1.2584,0.60114,0.60114
77.9,1.4842,0.85843,0.30946,1.2903,0.60917,0.60917
78,1.4897,0.86835,0.31518,1.3115,0.57988,0.57988
78.1,1.4896,0.85913,0.30591,1.3405,0.58168,0.58168
78.2,1.4756,0.87648,0.29848,1.3738,0.56668,0.56668
78.3,1.4719,0.86174,0.30014,1.4173,0.54682,0.54682
78.4,1.4666,0.87303,0.31911,1.4379,0.53144,0.53144
78.5,1.47,0.8814,0.31873,1.4461,0.52412,0.52412
78.6,1.471,0.86685,0.34924,1.4771,0.51945,0.51945
78.7,1.4744,0.87019,0.34729,1.4865,0.49316,0.49316
78.8,1.4969,0.87228,0.3748,1.492,0.47694,0.47694
78.9,1.5041,0.87912,0.38032,1.484,0.46901,0.46901
79,1.5281,0.89088,0.40464,1.4767,0.47354,0.47354
79.1,1.5353,0.88374,0.42731,1.4581,0.46402,0.46402
79.2,1.5524,0.90844,0.44273,1.4458,0.4577,0.4577
79.3,1.5601,0.91632,0.43232,1.4286,0.46538,0.46538
79.4,1.5791,0.92277,0.4117,1.415,0.46861,0.46861
79.5,1.5937,0.94518,0.41284,1.3887,0.5013,0.5013
79.6,1.6075,0.94246,0.38999,1.3717,0.50768,0.50768
79.7,1.6222,0.94007,0.36868,1.351,0.52432,0.52432
79.8,1.6511,0.95063,0.36421,1.3204,0.53002,0.53002
79.9,1.6655,0.96478,0.356,1.3015,0.53687,0.53687
80,1.6526,0.97686,0.32974,1.2749,0.54544,0.54544
80.1,1.6555,0.98494,0.31819,1.246,0.53763,0.53763
80.2,1.6402,0.98422,0.31725,1.2389,0.54147,0.54147
80.3,1.6287,0.99584,0.32357,1.2271,0.53632,0.53632
80.4,1.623,0.99421,0.33329,1.2017,0.54183,0.54183
80.5,1.6087,0.98224,0.37626,1.2058,0.5368,0.5368
80.6,1.6163,0.99051,0.4636,1.2007,0.5188,0.5188
80.7,1.596,1.0039,0.53019,1.1774,0.5259,0.5259
80.8,1.6093,1.0233,0.57541,1.1861,0.51063,0.51063
80.9,1.6023,1.0451,0.59279,1.185,0.52029,0.52029
81,1.6144,1.049,0.6165,1.1688,0.49972,0.49972
81.1,1.6099,1.0606,0.61185,1.1896,0.5203,0.5203
81.2,1.6231,1.0801,0.59495,1.1945,0.49843,0.49843
81.3,1.6291,1.0849,0.62022,1.1849,0.49683,0.49683
81.4,1.6313,1.0895,0.55465,1.1909,0.48736,0.48736
81.5,1.6468,1.093,0.52186,1.2061,0.50011,0.50011
81.6,1.6477,1.0995,0.48667,1.2132,0.48888,0.48888
81.7,1.6725,1.0824,0.45255,1.2106,0.48978,0.48978
81.8,1.6769,1.0829,0.43166,1.2423,0.49058,0.49058
81.9,1.6992,1.0693,0.41951,1.2655,0.4714,0.4714
82,1.6847,1.0645,0.39376,1.2719,0.4746,0.4746
82.1,1.6914,1.0665,0.36492,1.2914,0.45814,0.45814
82.2,1.6767,1.0601,0.35859,1.3072,0.45313,0.45313
82.3,1.6772,1.0526,0.37389,1.2993,0.44028,0.44028
82.4,1.6912,1.0395,0.3842,1.3047,0.43843,0.43843
82.5,1.6984,1.0428,0.39278,1.3124,0.43315,0.43315
82.6,1.6842,1.0369,0.39804,1.3214,0.41465,0.41465
82.7,1.6965,1.027,0.38021,1.3302,0.41385,0.41385
82.8,1.6822,1.0304,0.38994,1.3492,0.42495,0.42495
82.9,1.6741,1.0246,0.42794,1.3782,0.41074,0.41074
83,1.6769,1.0237,0.49395,1.3756,0.39391,0.39391
83.1,1.6367,1.0317,0.52657,1.3844,0.37954,0.37954
83.2,1.6432,1.0467,0.53161,1.3818,0.38289,0.38289
83.3,1.6253,1.0357,0.51607,1.3737,0.37808,0.37808
83.4,1.6023,1.0521,0.4967,1.3789,0.358,0.358
83.5,1.5953,1.0583,0.4658,1.3722,0.37485,0.37485
83.6,1.5986,1.0489,0.45343,1.3622,0.36528,0.36528
83.7,1.6012,1.0553,0.40734,1.3728,0.36161,0.36161
83.8,1.6032,1.0502,0.40233,1.382,0.36632,0.36632
83.9,1.6164,1.0562,0.38017,1.3783,0.3878,0.3878
84,1.6172,1.0605,0.38988,1.3969,0.39463,0.39463
84.1,1.6462,1.0688,0.41226,1.4071,0.4191,0.4191
84.2,1.6392,1.0667,0.41653,1.4211,0.43726,0.43726
84.3,1.6429,1.0727,0.43186,1.4257,0.45972,0.45972
84.4,1.6402,1.0762,0.4675,1.45,0.48813,0.48813
84.5,1.6229,1.0917,0.47157,1.4623,0.50068,0.50068
84.6,1.6226,1.0981,0.45889,1.4729,0.52851,0.52851
84.7,1.5914,1.1075,0.46533,1.4892,0.53397,0.53397
84.8,1.5763,1.1261,0.44558,1.5071,0.53666,0.53666
84.9,1.5751,1.1444,0.42959,1.5338,0.53118,0.53118
85,1.5503,1.152,0.39835,1.5484,0.54913,0.54913
85.1,1.539,1.168,0.38684,1.5589,0.53112,0.53112
85.2,1.5147,1.1844,0.36945,1.5755,0.53559,0.53559
85.3,1.4972,1.1858,0.36341,1.585,0.54205,0.54205
85.4,1.4851,1.186,0.34494,1.5988,0.52843,0.52843
85.5,1.4771,1.1772,0.34889,1.6019,0.5323,0.5323
85.6,1.458,1.1739,0.33709,1.614,0.53636,0.53636
85.7,1.4462,1.178,0.35163,1.6286,0.5318,0.5318
85.8,1.445,1.168,0.3831,1.6234,0.53896,0.53896
85.9,1.4262,1.1736,0.40198,1.626,0.52622,0.52622
86,1.4384,1.1717,0.42694,1.622,0.52017,0.52017
86.1,1.4428,1.1734,0.41756,1.589,0.51453,0.51453
86.2,1.4438,1.181,0.41656,1.5768,0.50886,0.50886
86.3,1.4788,1.1793,0.42497,1.5645,0.51134,0.51134
86.4,1.4887,1.1945,0.42594,1.5407,0.52531,0.52531
86.5,1.5193,1.1995,0.43315,1.5246,0.51591,0.51591
86.6,1.5293,1.2092,0.44603,1.5189,0.52045,0.52045
86.7,1.5578,1.2061,0.41038,1.4947,0.52107,0.52107
86.8,1.5576,1.2124,0.39824,1.4908,0.51102,0.51102
86.9,1.5827,1.2191,0.38116,1.4696,0.50647,0.50647
87,1.6004,1.2203,0.37382,1.4653,0.50671,0.50671
87.1,1.6345,1.2245,0.34534,1.4518,0.50189,0.50189
87.2,1.6519,1.2238,0.32703,1.4438,0.4811,0.4811
87.3,1.6738,1.2163,0.30643,1.4278,0.47774,0.47774
87.4,1.6845,1.2186,0.31131,1.4113,0.45341,0.45341
87.5,1.69,1.2136,0.3125,1.4072,0.46124,0.46124
87.6,1.688,1.2102,0.31725,1.3945,0.44465,0.44465
87.7,1.6813,1.1983,0.34075,1.3786,0.43692,0.43692
87.8,1.6904,1.1888,0.34635,1.3755,0.43554,0.43554
87.9,1.6736,1.1933,0.34045,1.3757,0.43738,0.43738
88,1.67,1.1883,0.37075,1.3557,0.43397,0.43397
88.1,1.6568,1.1777,0.37956,1.366,0.42822,0.42822
88.2,1.6554,1.1977,0.42714,1.3712,0.43439,0.43439
88.3,1.641,1.1942,0.46094,1.3495,0.40872,0.40872
88.4,1.6343,1.2154,0.43804,1.3488,0.4232,0.4232
88.5,1.6148,1.2229,0.46363,1.3466,0.41322,0.41322
88.6,1.6104,1.249,0.45995,1.3377,0.4208,0.4208
88.7,1.6094,1.2579,0.47965,1.3355,0.41773,0.41773
88.8,1.6062,1.2745,0.4794,1.3473,0.40925,0.40925
88.9,1.6164,1.2901,0.49935,1.3476,0.41238,0.41238
89,1.6457,1.2972,0.4915,1.3375,0.40139,0.40139
89.1,1.6699,1.2899,0.50913,1.3635,0.39219,0.39219
89.2,1.6918,1.296,0.49408,1.3809,0.38485,0.38485
89.3,1.7355,1.2973,0.50293,1.4053,0.39,0.39
89.4,1.7573,1.2993,0.47607,1.4234,0.38969,0.38969
89.5,1.7953,1.2798,0.44769,1.4465,0.38132,0.38132
89.6,1.8175,1.2958,0.43642,1.4577,0.36978,0.36978
89.7,1.8534,1.2785,0.41861,1.4577,0.36832,0.36832
89.8,1.886,1.2815,0.39697,1.4724,0.36732,0.36732
89.9,1.9123,1.2767,0.38405,1.4736,0.37205,0.37205
90,1.9471,1.2725,0.37415,1.4659,0.35799,0.35799
